setting,dgp_name,dgp,rep,feature_dim,total_samples,ref_samples,batch_size,n_batches,shift_batch_index,policy,config_id,final_regret,mean_reward,hp_epsilon,hp_base_epsilon,hp_max_epsilon,hp_gamma,hp_anomaly_sensitivity,hp_alpha,hp_lambda_reg,hp_use_momentum,hp_prior_lambda
stationary,stationary,stationary,0,30,20000,5000,25,600,600,Epsilon_Greedy,epsilon=0.02,11.434515162611008,-0.061636803723689224,0.02,,,,,,,,
stationary,stationary,stationary,0,30,20000,5000,25,600,600,Epsilon_Greedy,epsilon=0.05,11.809738095214595,-0.06226217527802855,0.05,,,,,,,,
stationary,stationary,stationary,0,30,20000,5000,25,600,600,Epsilon_Greedy,epsilon=0.1,5.145283954069243,-0.05115475170945296,0.1,,,,,,,,
stationary,stationary,stationary,0,30,20000,5000,25,600,600,AdaptiveEpsilonGreedy,anomaly_sensitivity=0.3|base_epsilon=0.05|gamma=0.9|max_epsilon=0.5,7.970682564705799,-0.05586374939384722,,0.05,0.5,0.9,0.3,,,,
stationary,stationary,stationary,0,30,20000,5000,25,600,600,AdaptiveEpsilonGreedy,anomaly_sensitivity=0.5|base_epsilon=0.05|gamma=0.9|max_epsilon=0.5,10.146499833044917,-0.059490111507745747,,0.05,0.5,0.9,0.5,,,,
stationary,stationary,stationary,0,30,20000,5000,25,600,600,AdaptiveEpsilonGreedy,anomaly_sensitivity=0.3|base_epsilon=0.1|gamma=0.9|max_epsilon=0.5,8.709496941072564,-0.05709510668779182,,0.1,0.5,0.9,0.3,,,,
stationary,stationary,stationary,0,30,20000,5000,25,600,600,AdaptiveEpsilonGreedy,anomaly_sensitivity=0.5|base_epsilon=0.1|gamma=0.9|max_epsilon=0.5,10.615103687692738,-0.06027111793215879,,0.1,0.5,0.9,0.5,,,,
stationary,stationary,stationary,0,30,20000,5000,25,600,600,UCB,default,18.492556215413423,-0.07340020547835993,,,,,,,,,
stationary,stationary,stationary,0,30,20000,5000,25,600,600,Random,default,19.831741477347506,-0.07563218091491673,,,,,,,,,
stationary,stationary,stationary,0,30,20000,5000,25,600,600,LinUCB_Vanilla,alpha=0.1|lambda_reg=50|use_momentum=False,8.190418289708541,-0.05622997560218512,,,,,,0.1,50.0,False,
stationary,stationary,stationary,0,30,20000,5000,25,600,600,LinUCB_Vanilla,alpha=0.1|lambda_reg=100|use_momentum=False,8.844901108590479,-0.057320780300321686,,,,,,0.1,100.0,False,
stationary,stationary,stationary,0,30,20000,5000,25,600,600,Thompson_Sampling,prior_lambda=0.1,15.256164535310678,-0.06800621934485536,,,,,,,,,0.1
stationary,stationary,stationary,0,30,20000,5000,25,600,600,Thompson_Sampling,prior_lambda=0.15,15.366101425614193,-0.06818944749536122,,,,,,,,,0.15
stationary,stationary,stationary,1,30,20000,5000,25,600,600,Epsilon_Greedy,epsilon=0.02,11.195288501738407,-0.06162518645131999,0.02,,,,,,,,
stationary,stationary,stationary,1,30,20000,5000,25,600,600,Epsilon_Greedy,epsilon=0.05,8.545281433498573,-0.05720850800425359,0.05,,,,,,,,
stationary,stationary,stationary,1,30,20000,5000,25,600,600,Epsilon_Greedy,epsilon=0.1,12.491337514754658,-0.0637852681396804,0.1,,,,,,,,
stationary,stationary,stationary,1,30,20000,5000,25,600,600,AdaptiveEpsilonGreedy,anomaly_sensitivity=0.3|base_epsilon=0.05|gamma=0.9|max_epsilon=0.5,8.664796485431365,-0.057407699757474916,,0.05,0.5,0.9,0.3,,,,
stationary,stationary,stationary,1,30,20000,5000,25,600,600,AdaptiveEpsilonGreedy,anomaly_sensitivity=0.5|base_epsilon=0.05|gamma=0.9|max_epsilon=0.5,9.33991115593145,-0.058532890874975055,,0.05,0.5,0.9,0.5,,,,
stationary,stationary,stationary,1,30,20000,5000,25,600,600,AdaptiveEpsilonGreedy,anomaly_sensitivity=0.3|base_epsilon=0.1|gamma=0.9|max_epsilon=0.5,9.409382175195644,-0.058648675907082046,,0.1,0.5,0.9,0.3,,,,
stationary,stationary,stationary,1,30,20000,5000,25,600,600,AdaptiveEpsilonGreedy,anomaly_sensitivity=0.5|base_epsilon=0.1|gamma=0.9|max_epsilon=0.5,10.439297383153129,-0.06036520125367786,,0.1,0.5,0.9,0.5,,,,
stationary,stationary,stationary,1,30,20000,5000,25,600,600,UCB,default,17.733404184663566,-0.07252204592286192,,,,,,,,,
stationary,stationary,stationary,1,30,20000,5000,25,600,600,Random,default,19.859869780048367,-0.07606615524850326,,,,,,,,,
stationary,stationary,stationary,1,30,20000,5000,25,600,600,LinUCB_Vanilla,alpha=0.1|lambda_reg=50|use_momentum=False,7.488605145045282,-0.05544738085683143,,,,,,0.1,50.0,False,
stationary,stationary,stationary,1,30,20000,5000,25,600,600,LinUCB_Vanilla,alpha=0.1|lambda_reg=100|use_momentum=False,8.701349177172052,-0.05746862091037606,,,,,,0.1,100.0,False,
stationary,stationary,stationary,1,30,20000,5000,25,600,600,Thompson_Sampling,prior_lambda=0.1,14.717216373942588,-0.06749506623832695,,,,,,,,,0.1
stationary,stationary,stationary,1,30,20000,5000,25,600,600,Thompson_Sampling,prior_lambda=0.15,15.49466544219508,-0.06879081468541443,,,,,,,,,0.15
stationary,stationary,stationary,2,30,20000,5000,25,600,600,Epsilon_Greedy,epsilon=0.02,29.528090021329508,-0.09220891844734425,0.02,,,,,,,,
stationary,stationary,stationary,2,30,20000,5000,25,600,600,Epsilon_Greedy,epsilon=0.05,5.647181949005834,-0.05240740499347145,0.05,,,,,,,,
stationary,stationary,stationary,2,30,20000,5000,25,600,600,Epsilon_Greedy,epsilon=0.1,4.216687220778967,-0.05002324711309334,0.1,,,,,,,,
stationary,stationary,stationary,2,30,20000,5000,25,600,600,AdaptiveEpsilonGreedy,anomaly_sensitivity=0.3|base_epsilon=0.05|gamma=0.9|max_epsilon=0.5,7.605418384815023,-0.05567113238648677,,0.05,0.5,0.9,0.3,,,,
stationary,stationary,stationary,2,30,20000,5000,25,600,600,AdaptiveEpsilonGreedy,anomaly_sensitivity=0.5|base_epsilon=0.05|gamma=0.9|max_epsilon=0.5,10.521772327639031,-0.060531722291193454,,0.05,0.5,0.9,0.5,,,,
stationary,stationary,stationary,2,30,20000,5000,25,600,600,AdaptiveEpsilonGreedy,anomaly_sensitivity=0.3|base_epsilon=0.1|gamma=0.9|max_epsilon=0.5,9.343785391796498,-0.0585684107314559,,0.1,0.5,0.9,0.3,,,,
stationary,stationary,stationary,2,30,20000,5000,25,600,600,AdaptiveEpsilonGreedy,anomaly_sensitivity=0.5|base_epsilon=0.1|gamma=0.9|max_epsilon=0.5,11.786047878490852,-0.06263884820927981,,0.1,0.5,0.9,0.5,,,,
stationary,stationary,stationary,2,30,20000,5000,25,600,600,UCB,default,18.518026707804424,-0.07385881292480244,,,,,,,,,
stationary,stationary,stationary,2,30,20000,5000,25,600,600,Random,default,20.76598039519895,-0.07760540240379331,,,,,,,,,
stationary,stationary,stationary,2,30,20000,5000,25,600,600,LinUCB_Vanilla,alpha=0.1|lambda_reg=50|use_momentum=False,7.810383645329443,-0.0560127411540108,,,,,,0.1,50.0,False,
stationary,stationary,stationary,2,30,20000,5000,25,600,600,LinUCB_Vanilla,alpha=0.1|lambda_reg=100|use_momentum=False,8.97540789648177,-0.05795444823926469,,,,,,0.1,100.0,False,
stationary,stationary,stationary,2,30,20000,5000,25,600,600,Thompson_Sampling,prior_lambda=0.1,14.803347924305246,-0.06766768161897048,,,,,,,,,0.1
stationary,stationary,stationary,2,30,20000,5000,25,600,600,Thompson_Sampling,prior_lambda=0.15,15.690633918700868,-0.06914649160962985,,,,,,,,,0.15
