dgp_name,dgp,rep,feature_dim,total_samples,ref_samples,requested_ref_samples,batch_size,n_batches,shift_batch_index,policy,config_id,final_regret,mean_reward,hp_epsilon
nonlinear_messy_ultra_ref_sens,nonlinear_messy_ultra,0,30,15000,500,500,100,145,70,Epsilon_Greedy,epsilon=0.05,294.0645988774776,-9.443067889004887,0.05
nonlinear_messy_ultra_ref_sens,nonlinear_messy_ultra,0,30,15000,500,500,100,145,70,Epsilon_Greedy,epsilon=0.1,358.6137144051529,-9.888234202988857,0.1
nonlinear_messy_ultra_ref_sens,nonlinear_messy_ultra,0,30,15000,500,500,100,145,70,Epsilon_Greedy,epsilon=0.2,432.6285347726077,-10.398681240005784,0.2
nonlinear_messy_ultra_ref_sens,nonlinear_messy_ultra,0,30,15000,500,500,100,145,70,Epsilon_Greedy,epsilon=0.3,440.0067985626125,-10.449565817867887,0.3
nonlinear_messy_ultra_ref_sens,nonlinear_messy_ultra,0,30,15000,500,500,100,145,70,Epsilon_Greedy,epsilon=0.4,532.3292317672563,-11.086272253761981,0.4
nonlinear_messy_ultra_ref_sens,nonlinear_messy_ultra,0,30,15000,500,500,100,145,70,Epsilon_Greedy,epsilon=0.5,595.7601180186234,-11.523726641702446,0.5
nonlinear_messy_ultra_ref_sens,nonlinear_messy_ultra,1,30,15000,500,500,100,145,70,Epsilon_Greedy,epsilon=0.05,319.1756129753192,-10.377514059877125,0.05
nonlinear_messy_ultra_ref_sens,nonlinear_messy_ultra,1,30,15000,500,500,100,145,70,Epsilon_Greedy,epsilon=0.1,317.082949796447,-10.363081900022832,0.1
nonlinear_messy_ultra_ref_sens,nonlinear_messy_ultra,1,30,15000,500,500,100,145,70,Epsilon_Greedy,epsilon=0.2,440.56878682500735,-11.214708362288768,0.2
nonlinear_messy_ultra_ref_sens,nonlinear_messy_ultra,1,30,15000,500,500,100,145,70,Epsilon_Greedy,epsilon=0.3,593.6325330038667,-12.27032040490159,0.3
nonlinear_messy_ultra_ref_sens,nonlinear_messy_ultra,1,30,15000,500,500,100,145,70,Epsilon_Greedy,epsilon=0.4,508.654572201289,-11.68426550281485,0.4
nonlinear_messy_ultra_ref_sens,nonlinear_messy_ultra,1,30,15000,500,500,100,145,70,Epsilon_Greedy,epsilon=0.5,482.0586108681689,-11.500845079827814,0.5
nonlinear_messy_ultra_ref_sens,nonlinear_messy_ultra,2,30,15000,500,500,100,145,70,Epsilon_Greedy,epsilon=0.05,272.9610515915261,-10.022616869488136,0.05
nonlinear_messy_ultra_ref_sens,nonlinear_messy_ultra,2,30,15000,500,500,100,145,70,Epsilon_Greedy,epsilon=0.1,305.1741129780338,-10.244775913533017,0.1
nonlinear_messy_ultra_ref_sens,nonlinear_messy_ultra,2,30,15000,500,500,100,145,70,Epsilon_Greedy,epsilon=0.2,424.7422694004432,-11.069383888859978,0.2
nonlinear_messy_ultra_ref_sens,nonlinear_messy_ultra,2,30,15000,500,500,100,145,70,Epsilon_Greedy,epsilon=0.3,494.6168508286011,-11.551277553881759,0.3
nonlinear_messy_ultra_ref_sens,nonlinear_messy_ultra,2,30,15000,500,500,100,145,70,Epsilon_Greedy,epsilon=0.4,412.8591011382496,-10.987431004293125,0.4
nonlinear_messy_ultra_ref_sens,nonlinear_messy_ultra,2,30,15000,500,500,100,145,70,Epsilon_Greedy,epsilon=0.5,467.1021468422001,-11.361520974665197,0.5
nonlinear_messy_ultra_ref_sens,nonlinear_messy_ultra,0,30,15000,1000,1000,100,140,65,Epsilon_Greedy,epsilon=0.05,276.18701722927074,-9.878785044425825,0.05
nonlinear_messy_ultra_ref_sens,nonlinear_messy_ultra,0,30,15000,1000,1000,100,140,65,Epsilon_Greedy,epsilon=0.1,298.44340459601085,-10.037759239902542,0.1
nonlinear_messy_ultra_ref_sens,nonlinear_messy_ultra,0,30,15000,1000,1000,100,140,65,Epsilon_Greedy,epsilon=0.2,406.19120141551514,-10.807386360041855,0.2
nonlinear_messy_ultra_ref_sens,nonlinear_messy_ultra,0,30,15000,1000,1000,100,140,65,Epsilon_Greedy,epsilon=0.3,419.6480554794519,-10.903506746212836,0.3
nonlinear_messy_ultra_ref_sens,nonlinear_messy_ultra,0,30,15000,1000,1000,100,140,65,Epsilon_Greedy,epsilon=0.4,535.2515606797015,-11.72924606907176,0.4
nonlinear_messy_ultra_ref_sens,nonlinear_messy_ultra,0,30,15000,1000,1000,100,140,65,Epsilon_Greedy,epsilon=0.5,597.7940364945656,-12.175978039177933,0.5
nonlinear_messy_ultra_ref_sens,nonlinear_messy_ultra,1,30,15000,1000,1000,100,140,65,Epsilon_Greedy,epsilon=0.05,270.731562783653,-9.856341852667603,0.05
nonlinear_messy_ultra_ref_sens,nonlinear_messy_ultra,1,30,15000,1000,1000,100,140,65,Epsilon_Greedy,epsilon=0.1,275.7606110042584,-9.892263625671925,0.1
nonlinear_messy_ultra_ref_sens,nonlinear_messy_ultra,1,30,15000,1000,1000,100,140,65,Epsilon_Greedy,epsilon=0.2,339.5514384751749,-10.347912393321328,0.2
nonlinear_messy_ultra_ref_sens,nonlinear_messy_ultra,1,30,15000,1000,1000,100,140,65,Epsilon_Greedy,epsilon=0.3,471.54347754603646,-11.290712672398913,0.3
nonlinear_messy_ultra_ref_sens,nonlinear_messy_ultra,1,30,15000,1000,1000,100,140,65,Epsilon_Greedy,epsilon=0.4,443.04659305472467,-11.08716349746097,0.4
nonlinear_messy_ultra_ref_sens,nonlinear_messy_ultra,1,30,15000,1000,1000,100,140,65,Epsilon_Greedy,epsilon=0.5,765.3356630170076,-13.389228282905849,0.5
nonlinear_messy_ultra_ref_sens,nonlinear_messy_ultra,2,30,15000,1000,1000,100,140,65,Epsilon_Greedy,epsilon=0.05,309.6810870686418,-10.365407885133715,0.05
nonlinear_messy_ultra_ref_sens,nonlinear_messy_ultra,2,30,15000,1000,1000,100,140,65,Epsilon_Greedy,epsilon=0.1,295.2458895292491,-10.262299331280913,0.1
nonlinear_messy_ultra_ref_sens,nonlinear_messy_ultra,2,30,15000,1000,1000,100,140,65,Epsilon_Greedy,epsilon=0.2,391.96461922238313,-10.953147400517583,0.2
nonlinear_messy_ultra_ref_sens,nonlinear_messy_ultra,2,30,15000,1000,1000,100,140,65,Epsilon_Greedy,epsilon=0.3,439.28386679813923,-11.291142026058697,0.3
nonlinear_messy_ultra_ref_sens,nonlinear_messy_ultra,2,30,15000,1000,1000,100,140,65,Epsilon_Greedy,epsilon=0.4,427.7493887878762,-11.208752897413962,0.4
nonlinear_messy_ultra_ref_sens,nonlinear_messy_ultra,2,30,15000,1000,1000,100,140,65,Epsilon_Greedy,epsilon=0.5,674.5208663615122,-12.971406308654219,0.5
nonlinear_messy_ultra_ref_sens,nonlinear_messy_ultra,0,30,15000,2000,2000,100,130,55,Epsilon_Greedy,epsilon=0.05,235.70143407222884,-9.626456688142193,0.05
nonlinear_messy_ultra_ref_sens,nonlinear_messy_ultra,0,30,15000,2000,2000,100,130,55,Epsilon_Greedy,epsilon=0.1,267.47469127967906,-9.870866358968732,0.1
nonlinear_messy_ultra_ref_sens,nonlinear_messy_ultra,0,30,15000,2000,2000,100,130,55,Epsilon_Greedy,epsilon=0.2,365.5860640012336,-10.625569226057612,0.2
nonlinear_messy_ultra_ref_sens,nonlinear_messy_ultra,0,30,15000,2000,2000,100,130,55,Epsilon_Greedy,epsilon=0.3,394.2799361208431,-10.84629131928538,0.3
nonlinear_messy_ultra_ref_sens,nonlinear_messy_ultra,0,30,15000,2000,2000,100,130,55,Epsilon_Greedy,epsilon=0.4,484.51296530127786,-11.54039154375026,0.4
nonlinear_messy_ultra_ref_sens,nonlinear_messy_ultra,0,30,15000,2000,2000,100,130,55,Epsilon_Greedy,epsilon=0.5,536.068619509185,-11.936973499195703,0.5
nonlinear_messy_ultra_ref_sens,nonlinear_messy_ultra,1,30,15000,2000,2000,100,130,55,Epsilon_Greedy,epsilon=0.05,261.9360502870344,-9.767035154662594,0.05
nonlinear_messy_ultra_ref_sens,nonlinear_messy_ultra,1,30,15000,2000,2000,100,130,55,Epsilon_Greedy,epsilon=0.1,335.2700543435262,-10.331142878174068,0.1
nonlinear_messy_ultra_ref_sens,nonlinear_messy_ultra,1,30,15000,2000,2000,100,130,55,Epsilon_Greedy,epsilon=0.2,425.1316419792836,-11.022385859987589,0.2
nonlinear_messy_ultra_ref_sens,nonlinear_messy_ultra,1,30,15000,2000,2000,100,130,55,Epsilon_Greedy,epsilon=0.3,428.9176196642526,-11.051508765256578,0.3
nonlinear_messy_ultra_ref_sens,nonlinear_messy_ultra,1,30,15000,2000,2000,100,130,55,Epsilon_Greedy,epsilon=0.4,399.6526184423676,-10.82639337124208,0.4
nonlinear_messy_ultra_ref_sens,nonlinear_messy_ultra,1,30,15000,2000,2000,100,130,55,Epsilon_Greedy,epsilon=0.5,539.687211316803,-11.903582547199274,0.5
nonlinear_messy_ultra_ref_sens,nonlinear_messy_ultra,2,30,15000,2000,2000,100,130,55,Epsilon_Greedy,epsilon=0.05,263.2449897302539,-9.918640065596215,0.05
nonlinear_messy_ultra_ref_sens,nonlinear_messy_ultra,2,30,15000,2000,2000,100,130,55,Epsilon_Greedy,epsilon=0.1,533.3406259180381,-11.996298805502246,0.1
nonlinear_messy_ultra_ref_sens,nonlinear_messy_ultra,2,30,15000,2000,2000,100,130,55,Epsilon_Greedy,epsilon=0.2,443.9086596554007,-11.308360603481958,0.2
nonlinear_messy_ultra_ref_sens,nonlinear_messy_ultra,2,30,15000,2000,2000,100,130,55,Epsilon_Greedy,epsilon=0.3,429.360519564695,-11.196451833553454,0.3
nonlinear_messy_ultra_ref_sens,nonlinear_messy_ultra,2,30,15000,2000,2000,100,130,55,Epsilon_Greedy,epsilon=0.4,484.8381024765514,-11.623202471336963,0.4
nonlinear_messy_ultra_ref_sens,nonlinear_messy_ultra,2,30,15000,2000,2000,100,130,55,Epsilon_Greedy,epsilon=0.5,597.0470912866108,-12.486348539106652,0.5
nonlinear_messy_ultra_ref_sens,nonlinear_messy_ultra,0,30,15000,3000,3000,100,120,45,Epsilon_Greedy,epsilon=0.05,285.6626178131861,-10.379360413030978,0.05
nonlinear_messy_ultra_ref_sens,nonlinear_messy_ultra,0,30,15000,3000,3000,100,120,45,Epsilon_Greedy,epsilon=0.1,289.9737813019444,-10.415286775437297,0.1
nonlinear_messy_ultra_ref_sens,nonlinear_messy_ultra,0,30,15000,3000,3000,100,120,45,Epsilon_Greedy,epsilon=0.2,515.654733680249,-12.295961378589833,0.2
nonlinear_messy_ultra_ref_sens,nonlinear_messy_ultra,0,30,15000,3000,3000,100,120,45,Epsilon_Greedy,epsilon=0.3,438.93534189680844,-11.65663311372783,0.3
nonlinear_messy_ultra_ref_sens,nonlinear_messy_ultra,0,30,15000,3000,3000,100,120,45,Epsilon_Greedy,epsilon=0.4,571.4052892576399,-12.760549341734759,0.4
nonlinear_messy_ultra_ref_sens,nonlinear_messy_ultra,0,30,15000,3000,3000,100,120,45,Epsilon_Greedy,epsilon=0.5,509.21292334830736,-12.242279625823652,0.5
nonlinear_messy_ultra_ref_sens,nonlinear_messy_ultra,1,30,15000,3000,3000,100,120,45,Epsilon_Greedy,epsilon=0.05,262.82282184701467,-10.208712922435689,0.05
nonlinear_messy_ultra_ref_sens,nonlinear_messy_ultra,1,30,15000,3000,3000,100,120,45,Epsilon_Greedy,epsilon=0.1,278.6728813625589,-10.34079675173189,0.1
nonlinear_messy_ultra_ref_sens,nonlinear_messy_ultra,1,30,15000,3000,3000,100,120,45,Epsilon_Greedy,epsilon=0.2,329.4957713666299,-10.76432083509915,0.2
nonlinear_messy_ultra_ref_sens,nonlinear_messy_ultra,1,30,15000,3000,3000,100,120,45,Epsilon_Greedy,epsilon=0.3,364.47713087566206,-11.055832164341087,0.3
nonlinear_messy_ultra_ref_sens,nonlinear_messy_ultra,1,30,15000,3000,3000,100,120,45,Epsilon_Greedy,epsilon=0.4,487.80845870612484,-12.08359322959494,0.4
nonlinear_messy_ultra_ref_sens,nonlinear_messy_ultra,1,30,15000,3000,3000,100,120,45,Epsilon_Greedy,epsilon=0.5,457.0801023489499,-11.827523593285148,0.5
nonlinear_messy_ultra_ref_sens,nonlinear_messy_ultra,2,30,15000,3000,3000,100,120,45,Epsilon_Greedy,epsilon=0.05,260.27062830985403,-10.23902681694132,0.05
nonlinear_messy_ultra_ref_sens,nonlinear_messy_ultra,2,30,15000,3000,3000,100,120,45,Epsilon_Greedy,epsilon=0.1,366.3384306358121,-11.122925169657638,0.1
nonlinear_messy_ultra_ref_sens,nonlinear_messy_ultra,2,30,15000,3000,3000,100,120,45,Epsilon_Greedy,epsilon=0.2,339.0358434436832,-10.895403609723228,0.2
nonlinear_messy_ultra_ref_sens,nonlinear_messy_ultra,2,30,15000,3000,3000,100,120,45,Epsilon_Greedy,epsilon=0.3,438.0813584567445,-11.72078290149874,0.3
nonlinear_messy_ultra_ref_sens,nonlinear_messy_ultra,2,30,15000,3000,3000,100,120,45,Epsilon_Greedy,epsilon=0.4,452.804603976545,-11.843476614163743,0.4
nonlinear_messy_ultra_ref_sens,nonlinear_messy_ultra,2,30,15000,3000,3000,100,120,45,Epsilon_Greedy,epsilon=0.5,511.9678614291322,-12.336503759601973,0.5
nonlinear_messy_ultra_ref_sens,nonlinear_messy_ultra,0,30,15000,4000,4000,100,110,35,Epsilon_Greedy,epsilon=0.05,242.7388347849103,-9.550727521244575,0.05
nonlinear_messy_ultra_ref_sens,nonlinear_messy_ultra,0,30,15000,4000,4000,100,110,35,Epsilon_Greedy,epsilon=0.1,323.17491358591917,-10.281964601253742,0.1
nonlinear_messy_ultra_ref_sens,nonlinear_messy_ultra,0,30,15000,4000,4000,100,110,35,Epsilon_Greedy,epsilon=0.2,370.9167109412054,-10.715980940847256,0.2
nonlinear_messy_ultra_ref_sens,nonlinear_messy_ultra,0,30,15000,4000,4000,100,110,35,Epsilon_Greedy,epsilon=0.3,364.40931977007017,-10.65682283929148,0.3
nonlinear_messy_ultra_ref_sens,nonlinear_messy_ultra,0,30,15000,4000,4000,100,110,35,Epsilon_Greedy,epsilon=0.4,395.36669315550466,-10.938253506431792,0.4
nonlinear_messy_ultra_ref_sens,nonlinear_messy_ultra,0,30,15000,4000,4000,100,110,35,Epsilon_Greedy,epsilon=0.5,459.9337631085719,-11.5252268696415,0.5
nonlinear_messy_ultra_ref_sens,nonlinear_messy_ultra,1,30,15000,4000,4000,100,110,35,Epsilon_Greedy,epsilon=0.05,270.6057411820358,-10.244196686132705,0.05
nonlinear_messy_ultra_ref_sens,nonlinear_messy_ultra,1,30,15000,4000,4000,100,110,35,Epsilon_Greedy,epsilon=0.1,268.8491330644616,-10.228227521427485,0.1
nonlinear_messy_ultra_ref_sens,nonlinear_messy_ultra,1,30,15000,4000,4000,100,110,35,Epsilon_Greedy,epsilon=0.2,348.3924989987077,-10.951349029920634,0.2
nonlinear_messy_ultra_ref_sens,nonlinear_messy_ultra,1,30,15000,4000,4000,100,110,35,Epsilon_Greedy,epsilon=0.3,377.34623291737563,-11.214564792817614,0.3
nonlinear_messy_ultra_ref_sens,nonlinear_messy_ultra,1,30,15000,4000,4000,100,110,35,Epsilon_Greedy,epsilon=0.4,389.23537064059525,-11.3226478630287,0.4
nonlinear_messy_ultra_ref_sens,nonlinear_messy_ultra,1,30,15000,4000,4000,100,110,35,Epsilon_Greedy,epsilon=0.5,422.544452629013,-11.625457699287043,0.5
nonlinear_messy_ultra_ref_sens,nonlinear_messy_ultra,2,30,15000,4000,4000,100,110,35,Epsilon_Greedy,epsilon=0.05,273.1474542437957,-9.696040277989672,0.05
nonlinear_messy_ultra_ref_sens,nonlinear_messy_ultra,2,30,15000,4000,4000,100,110,35,Epsilon_Greedy,epsilon=0.1,302.24292822250845,-9.960544586887059,0.1
nonlinear_messy_ultra_ref_sens,nonlinear_messy_ultra,2,30,15000,4000,4000,100,110,35,Epsilon_Greedy,epsilon=0.2,322.4689796459798,-10.144417781645888,0.2
nonlinear_messy_ultra_ref_sens,nonlinear_messy_ultra,2,30,15000,4000,4000,100,110,35,Epsilon_Greedy,epsilon=0.3,385.26075216383776,-10.715252077262779,0.3
nonlinear_messy_ultra_ref_sens,nonlinear_messy_ultra,2,30,15000,4000,4000,100,110,35,Epsilon_Greedy,epsilon=0.4,391.9924580777603,-10.776449403752984,0.4
nonlinear_messy_ultra_ref_sens,nonlinear_messy_ultra,2,30,15000,4000,4000,100,110,35,Epsilon_Greedy,epsilon=0.5,463.67249671225636,-11.428086118612038,0.5
nonlinear_messy_ultra_ref_sens,nonlinear_messy_ultra,0,30,15000,5000,5000,100,100,25,Epsilon_Greedy,epsilon=0.05,293.417679346003,-9.78602231110577,0.05
nonlinear_messy_ultra_ref_sens,nonlinear_messy_ultra,0,30,15000,5000,5000,100,100,25,Epsilon_Greedy,epsilon=0.1,167.37290129948167,-8.525574530640554,0.1
nonlinear_messy_ultra_ref_sens,nonlinear_messy_ultra,0,30,15000,5000,5000,100,100,25,Epsilon_Greedy,epsilon=0.2,272.2575617159046,-9.574421134804783,0.2
nonlinear_messy_ultra_ref_sens,nonlinear_messy_ultra,0,30,15000,5000,5000,100,100,25,Epsilon_Greedy,epsilon=0.3,374.1886331978743,-10.593731849624483,0.3
nonlinear_messy_ultra_ref_sens,nonlinear_messy_ultra,0,30,15000,5000,5000,100,100,25,Epsilon_Greedy,epsilon=0.4,352.3004504138289,-10.374850021784027,0.4
nonlinear_messy_ultra_ref_sens,nonlinear_messy_ultra,0,30,15000,5000,5000,100,100,25,Epsilon_Greedy,epsilon=0.5,332.0405953073026,-10.172251470718763,0.5
nonlinear_messy_ultra_ref_sens,nonlinear_messy_ultra,1,30,15000,5000,5000,100,100,25,Epsilon_Greedy,epsilon=0.05,240.56850991294323,-9.224731113775862,0.05
nonlinear_messy_ultra_ref_sens,nonlinear_messy_ultra,1,30,15000,5000,5000,100,100,25,Epsilon_Greedy,epsilon=0.1,222.3026173873919,-9.042072188520345,0.1
nonlinear_messy_ultra_ref_sens,nonlinear_messy_ultra,1,30,15000,5000,5000,100,100,25,Epsilon_Greedy,epsilon=0.2,307.14947129717154,-9.890540727618143,0.2
nonlinear_messy_ultra_ref_sens,nonlinear_messy_ultra,1,30,15000,5000,5000,100,100,25,Epsilon_Greedy,epsilon=0.3,539.7884987123929,-12.216931001770355,0.3
nonlinear_messy_ultra_ref_sens,nonlinear_messy_ultra,1,30,15000,5000,5000,100,100,25,Epsilon_Greedy,epsilon=0.4,342.8417097174289,-10.247463111820716,0.4
nonlinear_messy_ultra_ref_sens,nonlinear_messy_ultra,1,30,15000,5000,5000,100,100,25,Epsilon_Greedy,epsilon=0.5,428.082079964262,-11.099866814289046,0.5
nonlinear_messy_ultra_ref_sens,nonlinear_messy_ultra,2,30,15000,5000,5000,100,100,25,Epsilon_Greedy,epsilon=0.05,245.04753714757715,-9.439181535043506,0.05
nonlinear_messy_ultra_ref_sens,nonlinear_messy_ultra,2,30,15000,5000,5000,100,100,25,Epsilon_Greedy,epsilon=0.1,179.6516286972783,-8.785222450540518,0.1
nonlinear_messy_ultra_ref_sens,nonlinear_messy_ultra,2,30,15000,5000,5000,100,100,25,Epsilon_Greedy,epsilon=0.2,389.72454338217386,-10.885951597389473,0.2
nonlinear_messy_ultra_ref_sens,nonlinear_messy_ultra,2,30,15000,5000,5000,100,100,25,Epsilon_Greedy,epsilon=0.3,263.4094452414885,-9.622800615982618,0.3
nonlinear_messy_ultra_ref_sens,nonlinear_messy_ultra,2,30,15000,5000,5000,100,100,25,Epsilon_Greedy,epsilon=0.4,335.3336800350694,-10.342042963918427,0.4
nonlinear_messy_ultra_ref_sens,nonlinear_messy_ultra,2,30,15000,5000,5000,100,100,25,Epsilon_Greedy,epsilon=0.5,383.07742327835524,-10.819480396351286,0.5
nonlinear_messy_ultra_ref_sens,nonlinear_messy_ultra,0,30,15000,6000,6000,100,90,15,Epsilon_Greedy,epsilon=0.05,195.73694030595678,-9.534127986639293,0.05
nonlinear_messy_ultra_ref_sens,nonlinear_messy_ultra,0,30,15000,6000,6000,100,90,15,Epsilon_Greedy,epsilon=0.1,184.4877067412573,-9.409136502587078,0.1
nonlinear_messy_ultra_ref_sens,nonlinear_messy_ultra,0,30,15000,6000,6000,100,90,15,Epsilon_Greedy,epsilon=0.2,242.35682777105225,-10.052126736251466,0.2
nonlinear_messy_ultra_ref_sens,nonlinear_messy_ultra,0,30,15000,6000,6000,100,90,15,Epsilon_Greedy,epsilon=0.3,302.7664826566615,-10.723345123869345,0.3
nonlinear_messy_ultra_ref_sens,nonlinear_messy_ultra,0,30,15000,6000,6000,100,90,15,Epsilon_Greedy,epsilon=0.4,270.7072945081931,-10.367131922219697,0.4
nonlinear_messy_ultra_ref_sens,nonlinear_messy_ultra,0,30,15000,6000,6000,100,90,15,Epsilon_Greedy,epsilon=0.5,303.83655040422036,-10.73523476550889,0.5
nonlinear_messy_ultra_ref_sens,nonlinear_messy_ultra,1,30,15000,6000,6000,100,90,15,Epsilon_Greedy,epsilon=0.05,184.72195520078503,-10.076710982824299,0.05
nonlinear_messy_ultra_ref_sens,nonlinear_messy_ultra,1,30,15000,6000,6000,100,90,15,Epsilon_Greedy,epsilon=0.1,211.10884577331024,-10.369898655852355,0.1
nonlinear_messy_ultra_ref_sens,nonlinear_messy_ultra,1,30,15000,6000,6000,100,90,15,Epsilon_Greedy,epsilon=0.2,229.66842211216093,-10.576116170728476,0.2
nonlinear_messy_ultra_ref_sens,nonlinear_messy_ultra,1,30,15000,6000,6000,100,90,15,Epsilon_Greedy,epsilon=0.3,279.25635429802537,-11.127093195015856,0.3
nonlinear_messy_ultra_ref_sens,nonlinear_messy_ultra,1,30,15000,6000,6000,100,90,15,Epsilon_Greedy,epsilon=0.4,336.5824928629246,-11.764050290181403,0.4
nonlinear_messy_ultra_ref_sens,nonlinear_messy_ultra,1,30,15000,6000,6000,100,90,15,Epsilon_Greedy,epsilon=0.5,293.1904363892475,-11.28191632936277,0.5
nonlinear_messy_ultra_ref_sens,nonlinear_messy_ultra,2,30,15000,6000,6000,100,90,15,Epsilon_Greedy,epsilon=0.05,221.94560664289148,-10.079185273901542,0.05
nonlinear_messy_ultra_ref_sens,nonlinear_messy_ultra,2,30,15000,6000,6000,100,90,15,Epsilon_Greedy,epsilon=0.1,188.44471669526678,-9.706953163372377,0.1
nonlinear_messy_ultra_ref_sens,nonlinear_messy_ultra,2,30,15000,6000,6000,100,90,15,Epsilon_Greedy,epsilon=0.2,246.08583643731714,-10.347410049395162,0.2
nonlinear_messy_ultra_ref_sens,nonlinear_messy_ultra,2,30,15000,6000,6000,100,90,15,Epsilon_Greedy,epsilon=0.3,319.3453155323467,-11.161404261562156,0.3
nonlinear_messy_ultra_ref_sens,nonlinear_messy_ultra,2,30,15000,6000,6000,100,90,15,Epsilon_Greedy,epsilon=0.4,274.5536204143224,-10.663718760250775,0.4
nonlinear_messy_ultra_ref_sens,nonlinear_messy_ultra,2,30,15000,6000,6000,100,90,15,Epsilon_Greedy,epsilon=0.5,358.44044978423,-11.595794642138637,0.5
nonlinear_messy_ultra_ref_sens,nonlinear_messy_ultra,0,30,15000,8000,8000,100,70,1,Epsilon_Greedy,epsilon=0.05,185.41002925316877,-10.387465914185087,0.05
nonlinear_messy_ultra_ref_sens,nonlinear_messy_ultra,0,30,15000,8000,8000,100,70,1,Epsilon_Greedy,epsilon=0.1,164.10216791611026,-10.083067895084252,0.1
nonlinear_messy_ultra_ref_sens,nonlinear_messy_ultra,0,30,15000,8000,8000,100,70,1,Epsilon_Greedy,epsilon=0.2,198.72515260487503,-10.577681962066606,0.2
nonlinear_messy_ultra_ref_sens,nonlinear_messy_ultra,0,30,15000,8000,8000,100,70,1,Epsilon_Greedy,epsilon=0.3,258.43513750604836,-11.430681746369084,0.3
nonlinear_messy_ultra_ref_sens,nonlinear_messy_ultra,0,30,15000,8000,8000,100,70,1,Epsilon_Greedy,epsilon=0.4,314.94352298533283,-12.237944396073146,0.4
nonlinear_messy_ultra_ref_sens,nonlinear_messy_ultra,0,30,15000,8000,8000,100,70,1,Epsilon_Greedy,epsilon=0.5,365.4072258808072,-12.95885443743706,0.5
nonlinear_messy_ultra_ref_sens,nonlinear_messy_ultra,1,30,15000,8000,8000,100,70,1,Epsilon_Greedy,epsilon=0.05,122.2298579733422,-9.345569806082658,0.05
nonlinear_messy_ultra_ref_sens,nonlinear_messy_ultra,1,30,15000,8000,8000,100,70,1,Epsilon_Greedy,epsilon=0.1,173.2568193595261,-10.074526397313859,0.1
nonlinear_messy_ultra_ref_sens,nonlinear_messy_ultra,1,30,15000,8000,8000,100,70,1,Epsilon_Greedy,epsilon=0.2,214.9381315967199,-10.669973714988057,0.2
nonlinear_messy_ultra_ref_sens,nonlinear_messy_ultra,1,30,15000,8000,8000,100,70,1,Epsilon_Greedy,epsilon=0.3,241.1974232307786,-11.045106452617464,0.3
nonlinear_messy_ultra_ref_sens,nonlinear_messy_ultra,1,30,15000,8000,8000,100,70,1,Epsilon_Greedy,epsilon=0.4,322.5671580841139,-12.207531236236541,0.4
nonlinear_messy_ultra_ref_sens,nonlinear_messy_ultra,1,30,15000,8000,8000,100,70,1,Epsilon_Greedy,epsilon=0.5,434.1923769731915,-13.80217722036622,0.5
nonlinear_messy_ultra_ref_sens,nonlinear_messy_ultra,2,30,15000,8000,8000,100,70,1,Epsilon_Greedy,epsilon=0.05,129.94775897099106,-9.516129018188645,0.05
nonlinear_messy_ultra_ref_sens,nonlinear_messy_ultra,2,30,15000,8000,8000,100,70,1,Epsilon_Greedy,epsilon=0.1,181.6508208168551,-10.254744187415273,0.1
nonlinear_messy_ultra_ref_sens,nonlinear_messy_ultra,2,30,15000,8000,8000,100,70,1,Epsilon_Greedy,epsilon=0.2,258.2961152834947,-11.349676965510124,0.2
nonlinear_messy_ultra_ref_sens,nonlinear_messy_ultra,2,30,15000,8000,8000,100,70,1,Epsilon_Greedy,epsilon=0.3,326.9476254715805,-12.330412825339922,0.3
nonlinear_messy_ultra_ref_sens,nonlinear_messy_ultra,2,30,15000,8000,8000,100,70,1,Epsilon_Greedy,epsilon=0.4,285.5422783346644,-11.73890786624112,0.4
nonlinear_messy_ultra_ref_sens,nonlinear_messy_ultra,2,30,15000,8000,8000,100,70,1,Epsilon_Greedy,epsilon=0.5,284.02985941523707,-11.717301881677873,0.5
nonlinear_messy_ultra_ref_sens,nonlinear_messy_ultra,0,30,15000,10000,10000,100,50,1,Epsilon_Greedy,epsilon=0.05,133.10374317373038,-9.180942720374452,0.05
nonlinear_messy_ultra_ref_sens,nonlinear_messy_ultra,0,30,15000,10000,10000,100,50,1,Epsilon_Greedy,epsilon=0.1,146.54277685543946,-9.449723394008634,0.1
nonlinear_messy_ultra_ref_sens,nonlinear_messy_ultra,0,30,15000,10000,10000,100,50,1,Epsilon_Greedy,epsilon=0.2,194.77192535246758,-10.414306363949194,0.2
nonlinear_messy_ultra_ref_sens,nonlinear_messy_ultra,0,30,15000,10000,10000,100,50,1,Epsilon_Greedy,epsilon=0.3,200.10252709448494,-10.520918398789542,0.3
nonlinear_messy_ultra_ref_sens,nonlinear_messy_ultra,0,30,15000,10000,10000,100,50,1,Epsilon_Greedy,epsilon=0.4,236.9192989243086,-11.257253835386019,0.4
nonlinear_messy_ultra_ref_sens,nonlinear_messy_ultra,0,30,15000,10000,10000,100,50,1,Epsilon_Greedy,epsilon=0.5,249.8590106545768,-11.51604806999138,0.5
nonlinear_messy_ultra_ref_sens,nonlinear_messy_ultra,1,30,15000,10000,10000,100,50,1,Epsilon_Greedy,epsilon=0.05,184.86818474053712,-11.64924512195517,0.05
nonlinear_messy_ultra_ref_sens,nonlinear_messy_ultra,1,30,15000,10000,10000,100,50,1,Epsilon_Greedy,epsilon=0.1,135.55507816497186,-10.662982990443865,0.1
nonlinear_messy_ultra_ref_sens,nonlinear_messy_ultra,1,30,15000,10000,10000,100,50,1,Epsilon_Greedy,epsilon=0.2,205.2111177763273,-12.056103782670975,0.2
nonlinear_messy_ultra_ref_sens,nonlinear_messy_ultra,1,30,15000,10000,10000,100,50,1,Epsilon_Greedy,epsilon=0.3,217.75145698769185,-12.306910566898265,0.3
nonlinear_messy_ultra_ref_sens,nonlinear_messy_ultra,1,30,15000,10000,10000,100,50,1,Epsilon_Greedy,epsilon=0.4,195.40594654642783,-11.860000358072988,0.4
nonlinear_messy_ultra_ref_sens,nonlinear_messy_ultra,1,30,15000,10000,10000,100,50,1,Epsilon_Greedy,epsilon=0.5,239.7618633231442,-12.747118693607314,0.5
nonlinear_messy_ultra_ref_sens,nonlinear_messy_ultra,2,30,15000,10000,10000,100,50,1,Epsilon_Greedy,epsilon=0.05,130.5198574711295,-9.416725233680566,0.05
nonlinear_messy_ultra_ref_sens,nonlinear_messy_ultra,2,30,15000,10000,10000,100,50,1,Epsilon_Greedy,epsilon=0.1,160.2574565561174,-10.011477215380324,0.1
nonlinear_messy_ultra_ref_sens,nonlinear_messy_ultra,2,30,15000,10000,10000,100,50,1,Epsilon_Greedy,epsilon=0.2,156.82213527040534,-9.942770789666083,0.2
nonlinear_messy_ultra_ref_sens,nonlinear_messy_ultra,2,30,15000,10000,10000,100,50,1,Epsilon_Greedy,epsilon=0.3,228.06280581394122,-11.3675842005368,0.3
nonlinear_messy_ultra_ref_sens,nonlinear_messy_ultra,2,30,15000,10000,10000,100,50,1,Epsilon_Greedy,epsilon=0.4,226.69519001140793,-11.340231884486132,0.4
nonlinear_messy_ultra_ref_sens,nonlinear_messy_ultra,2,30,15000,10000,10000,100,50,1,Epsilon_Greedy,epsilon=0.5,241.24800108552026,-11.631288105968379,0.5
