item_id,merchant_id
I500000,M100000
I500001,M100000
I500002,M100000
I500003,M100000
I500004,M100000
I500005,M100000
I500006,M100000
I500007,M100000
I500008,M100000
I500009,M100000
I500010,M100001
I500011,M100001
I500012,M100001
I500013,M100001
I500014,M100001
I500015,M100001
I500016,M100001
I500017,M100001
I500018,M100001
I500019,M100001
I500020,M100002
I500021,M100002
I500022,M100002
I500023,M100002
I500024,M100002
I500025,M100002
I500026,M100002
I500027,M100002
I500028,M100002
I500029,M100002
I500030,M100003
I500031,M100003
I500032,M100003
I500033,M100003
I500034,M100003
I500035,M100003
I500036,M100003
I500037,M100003
I500038,M100003
I500039,M100003
I500040,M100004
I500041,M100004
I500042,M100004
I500043,M100004
I500044,M100004
I500045,M100004
I500046,M100004
I500047,M100004
I500048,M100004
I500049,M100004
I500050,M100005
I500051,M100005
I500052,M100005
I500053,M100005
I500054,M100005
I500055,M100005
I500056,M100005
I500057,M100005
I500058,M100005
I500059,M100005
I500060,M100006
I500061,M100006
I500062,M100006
I500063,M100006
I500064,M100006
I500065,M100006
I500066,M100006
I500067,M100006
I500068,M100006
I500069,M100006
I500070,M100007
I500071,M100007
I500072,M100007
I500073,M100007
I500074,M100007
I500075,M100007
I500076,M100007
I500077,M100007
I500078,M100007
I500079,M100007
I500080,M100008
I500081,M100008
I500082,M100008
I500083,M100008
I500084,M100008
I500085,M100008
I500086,M100008
I500087,M100008
I500088,M100008
I500089,M100008
I500090,M100009
I500091,M100009
I500092,M100009
I500093,M100009
I500094,M100009
I500095,M100009
I500096,M100009
I500097,M100009
I500098,M100009
I500099,M100009
I500100,M100010
I500101,M100010
I500102,M100010
I500103,M100010
I500104,M100010
I500105,M100010
I500106,M100010
I500107,M100010
I500108,M100010
I500109,M100010
I500110,M100011
I500111,M100011
I500112,M100011
I500113,M100011
I500114,M100011
I500115,M100011
I500116,M100011
I500117,M100011
I500118,M100011
I500119,M100011
I500120,M100012
I500121,M100012
I500122,M100012
I500123,M100012
I500124,M100012
I500125,M100012
I500126,M100012
I500127,M100012
I500128,M100012
I500129,M100012
I500130,M100013
I500131,M100013
I500132,M100013
I500133,M100013
I500134,M100013
I500135,M100013
I500136,M100013
I500137,M100013
I500138,M100013
I500139,M100013
I500140,M100014
I500141,M100014
I500142,M100014
I500143,M100014
I500144,M100014
I500145,M100014
I500146,M100014
I500147,M100014
I500148,M100014
I500149,M100014
I500150,M100015
I500151,M100015
I500152,M100015
I500153,M100015
I500154,M100015
I500155,M100015
I500156,M100015
I500157,M100015
I500158,M100015
I500159,M100015
I500160,M100016
I500161,M100016
I500162,M100016
I500163,M100016
I500164,M100016
I500165,M100016
I500166,M100016
I500167,M100016
I500168,M100016
I500169,M100016
I500170,M100017
I500171,M100017
I500172,M100017
I500173,M100017
I500174,M100017
I500175,M100017
I500176,M100017
I500177,M100017
I500178,M100017
I500179,M100017
I500180,M100018
I500181,M100018
I500182,M100018
I500183,M100018
I500184,M100018
I500185,M100018
I500186,M100018
I500187,M100018
I500188,M100018
I500189,M100018
I500190,M100019
I500191,M100019
I500192,M100019
I500193,M100019
I500194,M100019
I500195,M100019
I500196,M100019
I500197,M100019
I500198,M100019
I500199,M100019
I500200,M100020
I500201,M100020
I500202,M100020
I500203,M100020
I500204,M100020
I500205,M100020
I500206,M100020
I500207,M100020
I500208,M100020
I500209,M100020
I500210,M100021
I500211,M100021
I500212,M100021
I500213,M100021
I500214,M100021
I500215,M100021
I500216,M100021
I500217,M100021
I500218,M100021
I500219,M100021
I500220,M100022
I500221,M100022
I500222,M100022
I500223,M100022
I500224,M100022
I500225,M100022
I500226,M100022
I500227,M100022
I500228,M100022
I500229,M100022
I500230,M100023
I500231,M100023
I500232,M100023
I500233,M100023
I500234,M100023
I500235,M100023
I500236,M100023
I500237,M100023
I500238,M100023
I500239,M100023
I500240,M100024
I500241,M100024
I500242,M100024
I500243,M100024
I500244,M100024
I500245,M100024
I500246,M100024
I500247,M100024
I500248,M100024
I500249,M100024
I500250,M100025
I500251,M100025
I500252,M100025
I500253,M100025
I500254,M100025
I500255,M100025
I500256,M100025
I500257,M100025
I500258,M100025
I500259,M100025
I500260,M100026
I500261,M100026
I500262,M100026
I500263,M100026
I500264,M100026
I500265,M100026
I500266,M100026
I500267,M100026
I500268,M100026
I500269,M100026
I500270,M100027
I500271,M100027
I500272,M100027
I500273,M100027
I500274,M100027
I500275,M100027
I500276,M100027
I500277,M100027
I500278,M100027
I500279,M100027
I500280,M100028
I500281,M100028
I500282,M100028
I500283,M100028
I500284,M100028
I500285,M100028
I500286,M100028
I500287,M100028
I500288,M100028
I500289,M100028
I500290,M100029
I500291,M100029
I500292,M100029
I500293,M100029
I500294,M100029
I500295,M100029
I500296,M100029
I500297,M100029
I500298,M100029
I500299,M100029
I500300,M100030
I500301,M100030
I500302,M100030
I500303,M100030
I500304,M100030
I500305,M100030
I500306,M100030
I500307,M100030
I500308,M100030
I500309,M100030
I500310,M100031
I500311,M100031
I500312,M100031
I500313,M100031
I500314,M100031
I500315,M100031
I500316,M100031
I500317,M100031
I500318,M100031
I500319,M100031
I500320,M100032
I500321,M100032
I500322,M100032
I500323,M100032
I500324,M100032
I500325,M100032
I500326,M100032
I500327,M100032
I500328,M100032
I500329,M100032
I500330,M100033
I500331,M100033
I500332,M100033
I500333,M100033
I500334,M100033
I500335,M100033
I500336,M100033
I500337,M100033
I500338,M100033
I500339,M100033
I500340,M100034
I500341,M100034
I500342,M100034
I500343,M100034
I500344,M100034
I500345,M100034
I500346,M100034
I500347,M100034
I500348,M100034
I500349,M100034
I500350,M100035
I500351,M100035
I500352,M100035
I500353,M100035
I500354,M100035
I500355,M100035
I500356,M100035
I500357,M100035
I500358,M100035
I500359,M100035
I500360,M100036
I500361,M100036
I500362,M100036
I500363,M100036
I500364,M100036
I500365,M100036
I500366,M100036
I500367,M100036
I500368,M100036
I500369,M100036
I500370,M100037
I500371,M100037
I500372,M100037
I500373,M100037
I500374,M100037
I500375,M100037
I500376,M100037
I500377,M100037
I500378,M100037
I500379,M100037
I500380,M100038
I500381,M100038
I500382,M100038
I500383,M100038
I500384,M100038
I500385,M100038
I500386,M100038
I500387,M100038
I500388,M100038
I500389,M100038
I500390,M100039
I500391,M100039
I500392,M100039
I500393,M100039
I500394,M100039
I500395,M100039
I500396,M100039
I500397,M100039
I500398,M100039
I500399,M100039
I500400,M100040
I500401,M100040
I500402,M100040
I500403,M100040
I500404,M100040
I500405,M100040
I500406,M100040
I500407,M100040
I500408,M100040
I500409,M100040
I500410,M100041
I500411,M100041
I500412,M100041
I500413,M100041
I500414,M100041
I500415,M100041
I500416,M100041
I500417,M100041
I500418,M100041
I500419,M100041
I500420,M100042
I500421,M100042
I500422,M100042
I500423,M100042
I500424,M100042
I500425,M100042
I500426,M100042
I500427,M100042
I500428,M100042
I500429,M100042
I500430,M100043
I500431,M100043
I500432,M100043
I500433,M100043
I500434,M100043
I500435,M100043
I500436,M100043
I500437,M100043
I500438,M100043
I500439,M100043
I500440,M100044
I500441,M100044
I500442,M100044
I500443,M100044
I500444,M100044
I500445,M100044
I500446,M100044
I500447,M100044
I500448,M100044
I500449,M100044
I500450,M100045
I500451,M100045
I500452,M100045
I500453,M100045
I500454,M100045
I500455,M100045
I500456,M100045
I500457,M100045
I500458,M100045
I500459,M100045
I500460,M100046
I500461,M100046
I500462,M100046
I500463,M100046
I500464,M100046
I500465,M100046
I500466,M100046
I500467,M100046
I500468,M100046
I500469,M100046
I500470,M100047
I500471,M100047
I500472,M100047
I500473,M100047
I500474,M100047
I500475,M100047
I500476,M100047
I500477,M100047
I500478,M100047
I500479,M100047
I500480,M100048
I500481,M100048
I500482,M100048
I500483,M100048
I500484,M100048
I500485,M100048
I500486,M100048
I500487,M100048
I500488,M100048
I500489,M100048
I500490,M100049
I500491,M100049
I500492,M100049
I500493,M100049
I500494,M100049
I500495,M100049
I500496,M100049
I500497,M100049
I500498,M100049
I500499,M100049
I500500,M100050
I500501,M100050
I500502,M100050
I500503,M100050
I500504,M100050
I500505,M100050
I500506,M100050
I500507,M100050
I500508,M100050
I500509,M100050
I500510,M100051
I500511,M100051
I500512,M100051
I500513,M100051
I500514,M100051
I500515,M100051
I500516,M100051
I500517,M100051
I500518,M100051
I500519,M100051
I500520,M100052
I500521,M100052
I500522,M100052
I500523,M100052
I500524,M100052
I500525,M100052
I500526,M100052
I500527,M100052
I500528,M100052
I500529,M100052
I500530,M100053
I500531,M100053
I500532,M100053
I500533,M100053
I500534,M100053
I500535,M100053
I500536,M100053
I500537,M100053
I500538,M100053
I500539,M100053
I500540,M100054
I500541,M100054
I500542,M100054
I500543,M100054
I500544,M100054
I500545,M100054
I500546,M100054
I500547,M100054
I500548,M100054
I500549,M100054
I500550,M100055
I500551,M100055
I500552,M100055
I500553,M100055
I500554,M100055
I500555,M100055
I500556,M100055
I500557,M100055
I500558,M100055
I500559,M100055
I500560,M100056
I500561,M100056
I500562,M100056
I500563,M100056
I500564,M100056
I500565,M100056
I500566,M100056
I500567,M100056
I500568,M100056
I500569,M100056
I500570,M100057
I500571,M100057
I500572,M100057
I500573,M100057
I500574,M100057
I500575,M100057
I500576,M100057
I500577,M100057
I500578,M100057
I500579,M100057
I500580,M100058
I500581,M100058
I500582,M100058
I500583,M100058
I500584,M100058
I500585,M100058
I500586,M100058
I500587,M100058
I500588,M100058
I500589,M100058
I500590,M100059
I500591,M100059
I500592,M100059
I500593,M100059
I500594,M100059
I500595,M100059
I500596,M100059
I500597,M100059
I500598,M100059
I500599,M100059
I500600,M100060
I500601,M100060
I500602,M100060
I500603,M100060
I500604,M100060
I500605,M100060
I500606,M100060
I500607,M100060
I500608,M100060
I500609,M100060
I500610,M100061
I500611,M100061
I500612,M100061
I500613,M100061
I500614,M100061
I500615,M100061
I500616,M100061
I500617,M100061
I500618,M100061
I500619,M100061
I500620,M100062
I500621,M100062
I500622,M100062
I500623,M100062
I500624,M100062
I500625,M100062
I500626,M100062
I500627,M100062
I500628,M100062
I500629,M100062
I500630,M100063
I500631,M100063
I500632,M100063
I500633,M100063
I500634,M100063
I500635,M100063
I500636,M100063
I500637,M100063
I500638,M100063
I500639,M100063
I500640,M100064
I500641,M100064
I500642,M100064
I500643,M100064
I500644,M100064
I500645,M100064
I500646,M100064
I500647,M100064
I500648,M100064
I500649,M100064
I500650,M100065
I500651,M100065
I500652,M100065
I500653,M100065
I500654,M100065
I500655,M100065
I500656,M100065
I500657,M100065
I500658,M100065
I500659,M100065
I500660,M100066
I500661,M100066
I500662,M100066
I500663,M100066
I500664,M100066
I500665,M100066
I500666,M100066
I500667,M100066
I500668,M100066
I500669,M100066
I500670,M100067
I500671,M100067
I500672,M100067
I500673,M100067
I500674,M100067
I500675,M100067
I500676,M100067
I500677,M100067
I500678,M100067
I500679,M100067
I500680,M100068
I500681,M100068
I500682,M100068
I500683,M100068
I500684,M100068
I500685,M100068
I500686,M100068
I500687,M100068
I500688,M100068
I500689,M100068
I500690,M100069
I500691,M100069
I500692,M100069
I500693,M100069
I500694,M100069
I500695,M100069
I500696,M100069
I500697,M100069
I500698,M100069
I500699,M100069
I500700,M100070
I500701,M100070
I500702,M100070
I500703,M100070
I500704,M100070
I500705,M100070
I500706,M100070
I500707,M100070
I500708,M100070
I500709,M100070
I500710,M100071
I500711,M100071
I500712,M100071
I500713,M100071
I500714,M100071
I500715,M100071
I500716,M100071
I500717,M100071
I500718,M100071
I500719,M100071
I500720,M100072
I500721,M100072
I500722,M100072
I500723,M100072
I500724,M100072
I500725,M100072
I500726,M100072
I500727,M100072
I500728,M100072
I500729,M100072
I500730,M100073
I500731,M100073
I500732,M100073
I500733,M100073
I500734,M100073
I500735,M100073
I500736,M100073
I500737,M100073
I500738,M100073
I500739,M100073
I500740,M100074
I500741,M100074
I500742,M100074
I500743,M100074
I500744,M100074
I500745,M100074
I500746,M100074
I500747,M100074
I500748,M100074
I500749,M100074
I500750,M100075
I500751,M100075
I500752,M100075
I500753,M100075
I500754,M100075
I500755,M100075
I500756,M100075
I500757,M100075
I500758,M100075
I500759,M100075
I500760,M100076
I500761,M100076
I500762,M100076
I500763,M100076
I500764,M100076
I500765,M100076
I500766,M100076
I500767,M100076
I500768,M100076
I500769,M100076
I500770,M100077
I500771,M100077
I500772,M100077
I500773,M100077
I500774,M100077
I500775,M100077
I500776,M100077
I500777,M100077
I500778,M100077
I500779,M100077
I500780,M100078
I500781,M100078
I500782,M100078
I500783,M100078
I500784,M100078
I500785,M100078
I500786,M100078
I500787,M100078
I500788,M100078
I500789,M100078
I500790,M100079
I500791,M100079
I500792,M100079
I500793,M100079
I500794,M100079
I500795,M100079
I500796,M100079
I500797,M100079
I500798,M100079
I500799,M100079
I500800,M100080
I500801,M100080
I500802,M100080
I500803,M100080
I500804,M100080
I500805,M100080
I500806,M100080
I500807,M100080
I500808,M100080
I500809,M100080
I500810,M100081
I500811,M100081
I500812,M100081
I500813,M100081
I500814,M100081
I500815,M100081
I500816,M100081
I500817,M100081
I500818,M100081
I500819,M100081
I500820,M100082
I500821,M100082
I500822,M100082
I500823,M100082
I500824,M100082
I500825,M100082
I500826,M100082
I500827,M100082
I500828,M100082
I500829,M100082
I500830,M100083
I500831,M100083
I500832,M100083
I500833,M100083
I500834,M100083
I500835,M100083
I500836,M100083
I500837,M100083
I500838,M100083
I500839,M100083
I500840,M100084
I500841,M100084
I500842,M100084
I500843,M100084
I500844,M100084
I500845,M100084
I500846,M100084
I500847,M100084
I500848,M100084
I500849,M100084
I500850,M100085
I500851,M100085
I500852,M100085
I500853,M100085
I500854,M100085
I500855,M100085
I500856,M100085
I500857,M100085
I500858,M100085
I500859,M100085
I500860,M100086
I500861,M100086
I500862,M100086
I500863,M100086
I500864,M100086
I500865,M100086
I500866,M100086
I500867,M100086
I500868,M100086
I500869,M100086
I500870,M100087
I500871,M100087
I500872,M100087
I500873,M100087
I500874,M100087
I500875,M100087
I500876,M100087
I500877,M100087
I500878,M100087
I500879,M100087
I500880,M100088
I500881,M100088
I500882,M100088
I500883,M100088
I500884,M100088
I500885,M100088
I500886,M100088
I500887,M100088
I500888,M100088
I500889,M100088
I500890,M100089
I500891,M100089
I500892,M100089
I500893,M100089
I500894,M100089
I500895,M100089
I500896,M100089
I500897,M100089
I500898,M100089
I500899,M100089
I500900,M100090
I500901,M100090
I500902,M100090
I500903,M100090
I500904,M100090
I500905,M100090
I500906,M100090
I500907,M100090
I500908,M100090
I500909,M100090
I500910,M100091
I500911,M100091
I500912,M100091
I500913,M100091
I500914,M100091
I500915,M100091
I500916,M100091
I500917,M100091
I500918,M100091
I500919,M100091
I500920,M100092
I500921,M100092
I500922,M100092
I500923,M100092
I500924,M100092
I500925,M100092
I500926,M100092
I500927,M100092
I500928,M100092
I500929,M100092
I500930,M100093
I500931,M100093
I500932,M100093
I500933,M100093
I500934,M100093
I500935,M100093
I500936,M100093
I500937,M100093
I500938,M100093
I500939,M100093
I500940,M100094
I500941,M100094
I500942,M100094
I500943,M100094
I500944,M100094
I500945,M100094
I500946,M100094
I500947,M100094
I500948,M100094
I500949,M100094
I500950,M100095
I500951,M100095
I500952,M100095
I500953,M100095
I500954,M100095
I500955,M100095
I500956,M100095
I500957,M100095
I500958,M100095
I500959,M100095
I500960,M100096
I500961,M100096
I500962,M100096
I500963,M100096
I500964,M100096
I500965,M100096
I500966,M100096
I500967,M100096
I500968,M100096
I500969,M100096
I500970,M100097
I500971,M100097
I500972,M100097
I500973,M100097
I500974,M100097
I500975,M100097
I500976,M100097
I500977,M100097
I500978,M100097
I500979,M100097
I500980,M100098
I500981,M100098
I500982,M100098
I500983,M100098
I500984,M100098
I500985,M100098
I500986,M100098
I500987,M100098
I500988,M100098
I500989,M100098
I500990,M100099
I500991,M100099
I500992,M100099
I500993,M100099
I500994,M100099
I500995,M100099
I500996,M100099
I500997,M100099
I500998,M100099
I500999,M100099
I501000,M100100
I501001,M100100
I501002,M100100
I501003,M100100
I501004,M100100
I501005,M100100
I501006,M100100
I501007,M100100
I501008,M100100
I501009,M100100
I501010,M100101
I501011,M100101
I501012,M100101
I501013,M100101
I501014,M100101
I501015,M100101
I501016,M100101
I501017,M100101
I501018,M100101
I501019,M100101
I501020,M100102
I501021,M100102
I501022,M100102
I501023,M100102
I501024,M100102
I501025,M100102
I501026,M100102
I501027,M100102
I501028,M100102
I501029,M100102
I501030,M100103
I501031,M100103
I501032,M100103
I501033,M100103
I501034,M100103
I501035,M100103
I501036,M100103
I501037,M100103
I501038,M100103
I501039,M100103
I501040,M100104
I501041,M100104
I501042,M100104
I501043,M100104
I501044,M100104
I501045,M100104
I501046,M100104
I501047,M100104
I501048,M100104
I501049,M100104
I501050,M100105
I501051,M100105
I501052,M100105
I501053,M100105
I501054,M100105
I501055,M100105
I501056,M100105
I501057,M100105
I501058,M100105
I501059,M100105
I501060,M100106
I501061,M100106
I501062,M100106
I501063,M100106
I501064,M100106
I501065,M100106
I501066,M100106
I501067,M100106
I501068,M100106
I501069,M100106
I501070,M100107
I501071,M100107
I501072,M100107
I501073,M100107
I501074,M100107
I501075,M100107
I501076,M100107
I501077,M100107
I501078,M100107
I501079,M100107
I501080,M100108
I501081,M100108
I501082,M100108
I501083,M100108
I501084,M100108
I501085,M100108
I501086,M100108
I501087,M100108
I501088,M100108
I501089,M100108
I501090,M100109
I501091,M100109
I501092,M100109
I501093,M100109
I501094,M100109
I501095,M100109
I501096,M100109
I501097,M100109
I501098,M100109
I501099,M100109
I501100,M100110
I501101,M100110
I501102,M100110
I501103,M100110
I501104,M100110
I501105,M100110
I501106,M100110
I501107,M100110
I501108,M100110
I501109,M100110
I501110,M100111
I501111,M100111
I501112,M100111
I501113,M100111
I501114,M100111
I501115,M100111
I501116,M100111
I501117,M100111
I501118,M100111
I501119,M100111
I501120,M100112
I501121,M100112
I501122,M100112
I501123,M100112
I501124,M100112
I501125,M100112
I501126,M100112
I501127,M100112
I501128,M100112
I501129,M100112
I501130,M100113
I501131,M100113
I501132,M100113
I501133,M100113
I501134,M100113
I501135,M100113
I501136,M100113
I501137,M100113
I501138,M100113
I501139,M100113
I501140,M100114
I501141,M100114
I501142,M100114
I501143,M100114
I501144,M100114
I501145,M100114
I501146,M100114
I501147,M100114
I501148,M100114
I501149,M100114
I501150,M100115
I501151,M100115
I501152,M100115
I501153,M100115
I501154,M100115
I501155,M100115
I501156,M100115
I501157,M100115
I501158,M100115
I501159,M100115
I501160,M100116
I501161,M100116
I501162,M100116
I501163,M100116
I501164,M100116
I501165,M100116
I501166,M100116
I501167,M100116
I501168,M100116
I501169,M100116
I501170,M100117
I501171,M100117
I501172,M100117
I501173,M100117
I501174,M100117
I501175,M100117
I501176,M100117
I501177,M100117
I501178,M100117
I501179,M100117
I501180,M100118
I501181,M100118
I501182,M100118
I501183,M100118
I501184,M100118
I501185,M100118
I501186,M100118
I501187,M100118
I501188,M100118
I501189,M100118
I501190,M100119
I501191,M100119
I501192,M100119
I501193,M100119
I501194,M100119
I501195,M100119
I501196,M100119
I501197,M100119
I501198,M100119
I501199,M100119
I501200,M100120
I501201,M100120
I501202,M100120
I501203,M100120
I501204,M100120
I501205,M100120
I501206,M100120
I501207,M100120
I501208,M100120
I501209,M100120
I501210,M100121
I501211,M100121
I501212,M100121
I501213,M100121
I501214,M100121
I501215,M100121
I501216,M100121
I501217,M100121
I501218,M100121
I501219,M100121
I501220,M100122
I501221,M100122
I501222,M100122
I501223,M100122
I501224,M100122
I501225,M100122
I501226,M100122
I501227,M100122
I501228,M100122
I501229,M100122
I501230,M100123
I501231,M100123
I501232,M100123
I501233,M100123
I501234,M100123
I501235,M100123
I501236,M100123
I501237,M100123
I501238,M100123
I501239,M100123
I501240,M100124
I501241,M100124
I501242,M100124
I501243,M100124
I501244,M100124
I501245,M100124
I501246,M100124
I501247,M100124
I501248,M100124
I501249,M100124
I501250,M100125
I501251,M100125
I501252,M100125
I501253,M100125
I501254,M100125
I501255,M100125
I501256,M100125
I501257,M100125
I501258,M100125
I501259,M100125
I501260,M100126
I501261,M100126
I501262,M100126
I501263,M100126
I501264,M100126
I501265,M100126
I501266,M100126
I501267,M100126
I501268,M100126
I501269,M100126
I501270,M100127
I501271,M100127
I501272,M100127
I501273,M100127
I501274,M100127
I501275,M100127
I501276,M100127
I501277,M100127
I501278,M100127
I501279,M100127
I501280,M100128
I501281,M100128
I501282,M100128
I501283,M100128
I501284,M100128
I501285,M100128
I501286,M100128
I501287,M100128
I501288,M100128
I501289,M100128
I501290,M100129
I501291,M100129
I501292,M100129
I501293,M100129
I501294,M100129
I501295,M100129
I501296,M100129
I501297,M100129
I501298,M100129
I501299,M100129
I501300,M100130
I501301,M100130
I501302,M100130
I501303,M100130
I501304,M100130
I501305,M100130
I501306,M100130
I501307,M100130
I501308,M100130
I501309,M100130
I501310,M100131
I501311,M100131
I501312,M100131
I501313,M100131
I501314,M100131
I501315,M100131
I501316,M100131
I501317,M100131
I501318,M100131
I501319,M100131
I501320,M100132
I501321,M100132
I501322,M100132
I501323,M100132
I501324,M100132
I501325,M100132
I501326,M100132
I501327,M100132
I501328,M100132
I501329,M100132
I501330,M100133
I501331,M100133
I501332,M100133
I501333,M100133
I501334,M100133
I501335,M100133
I501336,M100133
I501337,M100133
I501338,M100133
I501339,M100133
I501340,M100134
I501341,M100134
I501342,M100134
I501343,M100134
I501344,M100134
I501345,M100134
I501346,M100134
I501347,M100134
I501348,M100134
I501349,M100134
I501350,M100135
I501351,M100135
I501352,M100135
I501353,M100135
I501354,M100135
I501355,M100135
I501356,M100135
I501357,M100135
I501358,M100135
I501359,M100135
I501360,M100136
I501361,M100136
I501362,M100136
I501363,M100136
I501364,M100136
I501365,M100136
I501366,M100136
I501367,M100136
I501368,M100136
I501369,M100136
I501370,M100137
I501371,M100137
I501372,M100137
I501373,M100137
I501374,M100137
I501375,M100137
I501376,M100137
I501377,M100137
I501378,M100137
I501379,M100137
I501380,M100138
I501381,M100138
I501382,M100138
I501383,M100138
I501384,M100138
I501385,M100138
I501386,M100138
I501387,M100138
I501388,M100138
I501389,M100138
I501390,M100139
I501391,M100139
I501392,M100139
I501393,M100139
I501394,M100139
I501395,M100139
I501396,M100139
I501397,M100139
I501398,M100139
I501399,M100139
I501400,M100140
I501401,M100140
I501402,M100140
I501403,M100140
I501404,M100140
I501405,M100140
I501406,M100140
I501407,M100140
I501408,M100140
I501409,M100140
I501410,M100141
I501411,M100141
I501412,M100141
I501413,M100141
I501414,M100141
I501415,M100141
I501416,M100141
I501417,M100141
I501418,M100141
I501419,M100141
I501420,M100142
I501421,M100142
I501422,M100142
I501423,M100142
I501424,M100142
I501425,M100142
I501426,M100142
I501427,M100142
I501428,M100142
I501429,M100142
I501430,M100143
I501431,M100143
I501432,M100143
I501433,M100143
I501434,M100143
I501435,M100143
I501436,M100143
I501437,M100143
I501438,M100143
I501439,M100143
I501440,M100144
I501441,M100144
I501442,M100144
I501443,M100144
I501444,M100144
I501445,M100144
I501446,M100144
I501447,M100144
I501448,M100144
I501449,M100144
I501450,M100145
I501451,M100145
I501452,M100145
I501453,M100145
I501454,M100145
I501455,M100145
I501456,M100145
I501457,M100145
I501458,M100145
I501459,M100145
I501460,M100146
I501461,M100146
I501462,M100146
I501463,M100146
I501464,M100146
I501465,M100146
I501466,M100146
I501467,M100146
I501468,M100146
I501469,M100146
I501470,M100147
I501471,M100147
I501472,M100147
I501473,M100147
I501474,M100147
I501475,M100147
I501476,M100147
I501477,M100147
I501478,M100147
I501479,M100147
I501480,M100148
I501481,M100148
I501482,M100148
I501483,M100148
I501484,M100148
I501485,M100148
I501486,M100148
I501487,M100148
I501488,M100148
I501489,M100148
I501490,M100149
I501491,M100149
I501492,M100149
I501493,M100149
I501494,M100149
I501495,M100149
I501496,M100149
I501497,M100149
I501498,M100149
I501499,M100149
I501500,M100150
I501501,M100150
I501502,M100150
I501503,M100150
I501504,M100150
I501505,M100150
I501506,M100150
I501507,M100150
I501508,M100150
I501509,M100150
I501510,M100151
I501511,M100151
I501512,M100151
I501513,M100151
I501514,M100151
I501515,M100151
I501516,M100151
I501517,M100151
I501518,M100151
I501519,M100151
I501520,M100152
I501521,M100152
I501522,M100152
I501523,M100152
I501524,M100152
I501525,M100152
I501526,M100152
I501527,M100152
I501528,M100152
I501529,M100152
I501530,M100153
I501531,M100153
I501532,M100153
I501533,M100153
I501534,M100153
I501535,M100153
I501536,M100153
I501537,M100153
I501538,M100153
I501539,M100153
I501540,M100154
I501541,M100154
I501542,M100154
I501543,M100154
I501544,M100154
I501545,M100154
I501546,M100154
I501547,M100154
I501548,M100154
I501549,M100154
I501550,M100155
I501551,M100155
I501552,M100155
I501553,M100155
I501554,M100155
I501555,M100155
I501556,M100155
I501557,M100155
I501558,M100155
I501559,M100155
I501560,M100156
I501561,M100156
I501562,M100156
I501563,M100156
I501564,M100156
I501565,M100156
I501566,M100156
I501567,M100156
I501568,M100156
I501569,M100156
I501570,M100157
I501571,M100157
I501572,M100157
I501573,M100157
I501574,M100157
I501575,M100157
I501576,M100157
I501577,M100157
I501578,M100157
I501579,M100157
I501580,M100158
I501581,M100158
I501582,M100158
I501583,M100158
I501584,M100158
I501585,M100158
I501586,M100158
I501587,M100158
I501588,M100158
I501589,M100158
I501590,M100159
I501591,M100159
I501592,M100159
I501593,M100159
I501594,M100159
I501595,M100159
I501596,M100159
I501597,M100159
I501598,M100159
I501599,M100159
I501600,M100160
I501601,M100160
I501602,M100160
I501603,M100160
I501604,M100160
I501605,M100160
I501606,M100160
I501607,M100160
I501608,M100160
I501609,M100160
I501610,M100161
I501611,M100161
I501612,M100161
I501613,M100161
I501614,M100161
I501615,M100161
I501616,M100161
I501617,M100161
I501618,M100161
I501619,M100161
I501620,M100162
I501621,M100162
I501622,M100162
I501623,M100162
I501624,M100162
I501625,M100162
I501626,M100162
I501627,M100162
I501628,M100162
I501629,M100162
I501630,M100163
I501631,M100163
I501632,M100163
I501633,M100163
I501634,M100163
I501635,M100163
I501636,M100163
I501637,M100163
I501638,M100163
I501639,M100163
I501640,M100164
I501641,M100164
I501642,M100164
I501643,M100164
I501644,M100164
I501645,M100164
I501646,M100164
I501647,M100164
I501648,M100164
I501649,M100164
I501650,M100165
I501651,M100165
I501652,M100165
I501653,M100165
I501654,M100165
I501655,M100165
I501656,M100165
I501657,M100165
I501658,M100165
I501659,M100165
I501660,M100166
I501661,M100166
I501662,M100166
I501663,M100166
I501664,M100166
I501665,M100166
I501666,M100166
I501667,M100166
I501668,M100166
I501669,M100166
I501670,M100167
I501671,M100167
I501672,M100167
I501673,M100167
I501674,M100167
I501675,M100167
I501676,M100167
I501677,M100167
I501678,M100167
I501679,M100167
I501680,M100168
I501681,M100168
I501682,M100168
I501683,M100168
I501684,M100168
I501685,M100168
I501686,M100168
I501687,M100168
I501688,M100168
I501689,M100168
I501690,M100169
I501691,M100169
I501692,M100169
I501693,M100169
I501694,M100169
I501695,M100169
I501696,M100169
I501697,M100169
I501698,M100169
I501699,M100169
I501700,M100170
I501701,M100170
I501702,M100170
I501703,M100170
I501704,M100170
I501705,M100170
I501706,M100170
I501707,M100170
I501708,M100170
I501709,M100170
I501710,M100171
I501711,M100171
I501712,M100171
I501713,M100171
I501714,M100171
I501715,M100171
I501716,M100171
I501717,M100171
I501718,M100171
I501719,M100171
I501720,M100172
I501721,M100172
I501722,M100172
I501723,M100172
I501724,M100172
I501725,M100172
I501726,M100172
I501727,M100172
I501728,M100172
I501729,M100172
I501730,M100173
I501731,M100173
I501732,M100173
I501733,M100173
I501734,M100173
I501735,M100173
I501736,M100173
I501737,M100173
I501738,M100173
I501739,M100173
I501740,M100174
I501741,M100174
I501742,M100174
I501743,M100174
I501744,M100174
I501745,M100174
I501746,M100174
I501747,M100174
I501748,M100174
I501749,M100174
I501750,M100175
I501751,M100175
I501752,M100175
I501753,M100175
I501754,M100175
I501755,M100175
I501756,M100175
I501757,M100175
I501758,M100175
I501759,M100175
I501760,M100176
I501761,M100176
I501762,M100176
I501763,M100176
I501764,M100176
I501765,M100176
I501766,M100176
I501767,M100176
I501768,M100176
I501769,M100176
I501770,M100177
I501771,M100177
I501772,M100177
I501773,M100177
I501774,M100177
I501775,M100177
I501776,M100177
I501777,M100177
I501778,M100177
I501779,M100177
I501780,M100178
I501781,M100178
I501782,M100178
I501783,M100178
I501784,M100178
I501785,M100178
I501786,M100178
I501787,M100178
I501788,M100178
I501789,M100178
I501790,M100179
I501791,M100179
I501792,M100179
I501793,M100179
I501794,M100179
I501795,M100179
I501796,M100179
I501797,M100179
I501798,M100179
I501799,M100179
I501800,M100180
I501801,M100180
I501802,M100180
I501803,M100180
I501804,M100180
I501805,M100180
I501806,M100180
I501807,M100180
I501808,M100180
I501809,M100180
I501810,M100181
I501811,M100181
I501812,M100181
I501813,M100181
I501814,M100181
I501815,M100181
I501816,M100181
I501817,M100181
I501818,M100181
I501819,M100181
I501820,M100182
I501821,M100182
I501822,M100182
I501823,M100182
I501824,M100182
I501825,M100182
I501826,M100182
I501827,M100182
I501828,M100182
I501829,M100182
I501830,M100183
I501831,M100183
I501832,M100183
I501833,M100183
I501834,M100183
I501835,M100183
I501836,M100183
I501837,M100183
I501838,M100183
I501839,M100183
I501840,M100184
I501841,M100184
I501842,M100184
I501843,M100184
I501844,M100184
I501845,M100184
I501846,M100184
I501847,M100184
I501848,M100184
I501849,M100184
I501850,M100185
I501851,M100185
I501852,M100185
I501853,M100185
I501854,M100185
I501855,M100185
I501856,M100185
I501857,M100185
I501858,M100185
I501859,M100185
I501860,M100186
I501861,M100186
I501862,M100186
I501863,M100186
I501864,M100186
I501865,M100186
I501866,M100186
I501867,M100186
I501868,M100186
I501869,M100186
I501870,M100187
I501871,M100187
I501872,M100187
I501873,M100187
I501874,M100187
I501875,M100187
I501876,M100187
I501877,M100187
I501878,M100187
I501879,M100187
I501880,M100188
I501881,M100188
I501882,M100188
I501883,M100188
I501884,M100188
I501885,M100188
I501886,M100188
I501887,M100188
I501888,M100188
I501889,M100188
I501890,M100189
I501891,M100189
I501892,M100189
I501893,M100189
I501894,M100189
I501895,M100189
I501896,M100189
I501897,M100189
I501898,M100189
I501899,M100189
I501900,M100190
I501901,M100190
I501902,M100190
I501903,M100190
I501904,M100190
I501905,M100190
I501906,M100190
I501907,M100190
I501908,M100190
I501909,M100190
I501910,M100191
I501911,M100191
I501912,M100191
I501913,M100191
I501914,M100191
I501915,M100191
I501916,M100191
I501917,M100191
I501918,M100191
I501919,M100191
I501920,M100192
I501921,M100192
I501922,M100192
I501923,M100192
I501924,M100192
I501925,M100192
I501926,M100192
I501927,M100192
I501928,M100192
I501929,M100192
I501930,M100193
I501931,M100193
I501932,M100193
I501933,M100193
I501934,M100193
I501935,M100193
I501936,M100193
I501937,M100193
I501938,M100193
I501939,M100193
I501940,M100194
I501941,M100194
I501942,M100194
I501943,M100194
I501944,M100194
I501945,M100194
I501946,M100194
I501947,M100194
I501948,M100194
I501949,M100194
I501950,M100195
I501951,M100195
I501952,M100195
I501953,M100195
I501954,M100195
I501955,M100195
I501956,M100195
I501957,M100195
I501958,M100195
I501959,M100195
I501960,M100196
I501961,M100196
I501962,M100196
I501963,M100196
I501964,M100196
I501965,M100196
I501966,M100196
I501967,M100196
I501968,M100196
I501969,M100196
I501970,M100197
I501971,M100197
I501972,M100197
I501973,M100197
I501974,M100197
I501975,M100197
I501976,M100197
I501977,M100197
I501978,M100197
I501979,M100197
I501980,M100198
I501981,M100198
I501982,M100198
I501983,M100198
I501984,M100198
I501985,M100198
I501986,M100198
I501987,M100198
I501988,M100198
I501989,M100198
I501990,M100199
I501991,M100199
I501992,M100199
I501993,M100199
I501994,M100199
I501995,M100199
I501996,M100199
I501997,M100199
I501998,M100199
I501999,M100199
