merchant_id,merchant_name,W
M100000,Noble Pantry,1
M100001,Cedar Traders,1
M100002,Cloud Depot,1
M100003,Moon Traders,1
M100004,Coral Outlet,0
M100005,Crisp Bazaar,1
M100006,Star Provisions,1
M100007,Cedar Depot,0
M100008,Noble Goods,0
M100009,Green Mart,1
M100010,Noble Works,1
M100011,Prime Foods,1
M100012,Star Works,1
M100013,Cloud Foods,0
M100014,Prime Collective,1
M100015,Noble Wholesale,0
M100016,Moon Works,0
M100017,Cedar Collective,1
M100018,Crisp Wholesale,0
M100019,Noble Grocer,0
M100020,Prime Outlet,1
M100021,Golden Mart,0
M100022,Urban Goods,1
M100023,Crisp Bazaar 2,1
M100024,Cedar Grocer,1
M100025,Urban Traders,1
M100026,Green Bazaar,1
M100027,Swift Pantry,0
M100028,Blue Wholesale,1
M100029,Cedar Goods,1
M100030,Urban Market,0
M100031,Blue Mart,0
M100032,Bright Supply,0
M100033,Red Provisions,1
M100034,Sun Wholesale,1
M100035,Golden Depot,0
M100036,Sun Kitchen,1
M100037,Cloud Provisions,0
M100038,Cedar Bazaar,0
M100039,Golden Depot 2,1
M100040,Blue Kitchen,0
M100041,Cedar Wholesale,0
M100042,Golden Grocer,0
M100043,Star Emporium,1
M100044,Iron Supply,0
M100045,Moon Foods,1
M100046,Cedar Foods,1
M100047,Sun Traders,0
M100048,Bright Collective,0
M100049,Coral Wholesale,1
M100050,Fresh Emporium,0
M100051,Noble Works 2,0
M100052,Bright Market,0
M100053,Prime Depot,1
M100054,Cloud Works,1
M100055,Iron Pantry,1
M100056,Crisp Depot,1
M100057,Moon Emporium,0
M100058,Maple Works,0
M100059,Sun Emporium,1
M100060,Bright Market 2,0
M100061,Crisp Collective,0
M100062,Sun Kitchen 2,0
M100063,Green Wholesale,1
M100064,Sun Kitchen 3,1
M100065,Maple Wholesale,0
M100066,Moon Traders 2,0
M100067,Silver Mart,0
M100068,Star Bazaar,1
M100069,Iron Collective,0
M100070,Urban Foods,1
M100071,Swift Bazaar,0
M100072,Maple Outlet,1
M100073,Noble Trading,0
M100074,Star Grocer,0
M100075,Bright Trading,1
M100076,Silver Goods,1
M100077,Crisp Collective 2,1
M100078,Silver Works,1
M100079,Bright Kitchen,1
M100080,Silver Trading,0
M100081,Coral Supply,0
M100082,Golden Trading,0
M100083,Iron Depot,1
M100084,Golden Bazaar,1
M100085,Urban Foods 2,0
M100086,Fresh Grocer,0
M100087,Golden Grocer 2,0
M100088,Urban Grocer,0
M100089,Blue Outlet,1
M100090,Iron Foods,0
M100091,Red Traders,0
M100092,Coral Trading,1
M100093,Green Grocer,1
M100094,Iron Mart,0
M100095,Maple Provisions,1
M100096,Red Bazaar,1
M100097,Iron Works,1
M100098,Moon Collective,0
M100099,Cloud Market,1
M100100,Cloud Market 2,1
M100101,Green Pantry,0
M100102,Cloud Mart,0
M100103,Moon Grocer,1
M100104,Noble Depot,1
M100105,Maple Traders,1
M100106,Cedar Trading,0
M100107,Iron Collective 2,0
M100108,Green Trading,1
M100109,Urban Pantry,1
M100110,Cedar Collective 2,0
M100111,Star Trading,1
M100112,Moon Outlet,0
M100113,Bright Provisions,0
M100114,Cloud Market 3,0
M100115,Iron Market,0
M100116,Red Emporium,0
M100117,Blue Emporium,1
M100118,Fresh Provisions,1
M100119,Iron Collective 3,0
M100120,Urban Mart,0
M100121,Coral Grocer,1
M100122,Crisp Emporium,1
M100123,Red Mart,1
M100124,Blue Works,1
M100125,Silver Provisions,0
M100126,Red Pantry,0
M100127,Blue Kitchen 2,1
M100128,Blue Goods,1
M100129,Cedar Supply,0
M100130,Red Grocer,1
M100131,Star Market,1
M100132,Bright Trading 2,0
M100133,Blue Grocer,0
M100134,Urban Traders 2,0
M100135,Noble Pantry 2,1
M100136,Golden Emporium,1
M100137,Red Traders 2,0
M100138,Swift Goods,1
M100139,Coral Bazaar,1
M100140,Coral Market,0
M100141,Golden Kitchen,0
M100142,Bright Depot,1
M100143,Green Bazaar 2,1
M100144,Noble Depot 2,0
M100145,Iron Emporium,0
M100146,Urban Emporium,0
M100147,Green Pantry 2,1
M100148,Prime Traders,0
M100149,Iron Bazaar,1
M100150,Coral Traders,0
M100151,Sun Wholesale 2,1
M100152,Urban Market 2,1
M100153,Prime Grocer,1
M100154,Sun Grocer,1
M100155,Blue Depot,1
M100156,Bright Depot 2,0
M100157,Bright Bazaar,0
M100158,Cedar Works,0
M100159,Blue Wholesale 2,1
M100160,Noble Depot 3,1
M100161,Silver Outlet,0
M100162,Cloud Kitchen,1
M100163,Coral Mart,0
M100164,Blue Grocer 2,0
M100165,Cedar Traders 2,1
M100166,Swift Market,1
M100167,Cedar Trading 2,1
M100168,Blue Trading,1
M100169,Prime Traders 2,0
M100170,Golden Bazaar 2,1
M100171,Silver Supply,0
M100172,Bright Depot 3,0
M100173,Blue Bazaar,0
M100174,Cloud Collective,1
M100175,Fresh Emporium 2,0
M100176,Iron Bazaar 2,1
M100177,Cedar Collective 3,1
M100178,Silver Depot,0
M100179,Crisp Mart,0
M100180,Prime Bazaar,0
M100181,Iron Wholesale,0
M100182,Golden Kitchen 2,1
M100183,Iron Traders,0
M100184,Iron Kitchen,1
M100185,Bright Pantry,1
M100186,Crisp Trading,1
M100187,Star Works 2,0
M100188,Golden Wholesale,0
M100189,Urban Works,0
M100190,Prime Market,0
M100191,Red Provisions 2,0
M100192,Moon Trading,1
M100193,Coral Traders 2,1
M100194,Red Goods,1
M100195,Crisp Supply,1
M100196,Golden Trading 2,1
M100197,Coral Provisions,1
M100198,Green Pantry 3,1
M100199,Cedar Foods 2,1
