cooling_preset,policy,config_id,batch_index,cum_regret_mean,cum_regret_std,cum_regret_lower,cum_regret_upper,n_repeats
scale_default,Epsilon_Greedy,epsilon=0.2,0,0.11498380207364875,0.057917413277569836,0.057066388796078914,0.17290121535121858,5
scale_default,Epsilon_Greedy,epsilon=0.2,1,0.20065462108802373,0.0875221499241549,0.11313247116386883,0.28817677101217865,5
scale_default,Epsilon_Greedy,epsilon=0.2,2,0.2685130502726713,0.1206514715290697,0.14786157874360162,0.389164521801741,5
scale_default,Epsilon_Greedy,epsilon=0.2,3,0.34223364269965945,0.1967484482907235,0.14548519440893595,0.538982090990383,5
scale_default,Epsilon_Greedy,epsilon=0.2,4,0.4293507559718094,0.30573607999781777,0.12361467597399162,0.7350868359696272,5
scale_default,Epsilon_Greedy,epsilon=0.2,5,0.49192378831113703,0.37459528219344784,0.11732850611768919,0.8665190705045849,5
scale_default,Epsilon_Greedy,epsilon=0.2,6,0.5676812396825959,0.40352765189141393,0.16415358779118194,0.9712088915740098,5
scale_default,Epsilon_Greedy,epsilon=0.2,7,0.610706507206642,0.43479639061148334,0.17591011659515865,1.0455028978181253,5
scale_default,Epsilon_Greedy,epsilon=0.2,8,0.6582724470522978,0.4699339371203555,0.1883385099319423,1.1282063841726533,5
scale_default,Epsilon_Greedy,epsilon=0.2,9,0.7094498163967725,0.497895356199034,0.2115544601977385,1.2073451725958066,5
scale_default,Epsilon_Greedy,epsilon=0.2,10,0.78210721688363,0.5685510174556063,0.21355619942802373,1.3506582343392364,5
scale_default,Epsilon_Greedy,epsilon=0.2,11,0.7912420923678032,0.5643800034824847,0.22686208888531845,1.355622095850288,5
scale_default,Epsilon_Greedy,epsilon=0.2,12,0.8037248295756128,0.5652929894537022,0.23843184012191054,1.369017819029315,5
scale_default,Epsilon_Greedy,epsilon=0.2,13,0.8181643702488668,0.560959346954595,0.25720502329427175,1.3791237172034618,5
scale_default,Epsilon_Greedy,epsilon=0.2,14,0.8278746657557923,0.5666067455317684,0.2612679202240239,1.3944814112875608,5
scale_default,Epsilon_Greedy,epsilon=0.2,15,0.8330178137638369,0.5672348779604247,0.26578293580341217,1.4002526917242615,5
scale_default,Epsilon_Greedy,epsilon=0.2,16,0.8509117872470169,0.5594102685929826,0.2915015186540343,1.4103220558399996,5
scale_default,Epsilon_Greedy,epsilon=0.2,17,0.8613601309235775,0.5622699937494458,0.2990901371741318,1.4236301246730232,5
scale_default,Epsilon_Greedy,epsilon=0.2,18,0.8713342226235529,0.5563697444770619,0.314964478146491,1.4277039671006149,5
scale_default,Epsilon_Greedy,epsilon=0.2,19,0.8796162801267304,0.5584142210733767,0.32120205905335375,1.4380305012001071,5
scale_default,Epsilon_Greedy,epsilon=0.2,20,0.889428729390384,0.5536215856139051,0.3358071437764789,1.443050315004289,5
scale_default,Epsilon_Greedy,epsilon=0.2,21,0.8990957523187959,0.5595679677838781,0.33952778453491783,1.458663720102674,5
scale_default,Epsilon_Greedy,epsilon=0.2,22,0.9120080004887757,0.5596535773698081,0.3523544231189676,1.4716615778585838,5
scale_default,Epsilon_Greedy,epsilon=0.2,23,0.9348615895484642,0.5649539793794038,0.3699076101690604,1.499815568927868,5
scale_default,Epsilon_Greedy,epsilon=0.2,24,0.940096623022372,0.5657915670819154,0.3743050559404566,1.5058881901042873,5
scale_default,Epsilon_Greedy,epsilon=0.2,25,0.953251799409853,0.559915948971072,0.39333585043878105,1.513167748380925,5
scale_default,Epsilon_Greedy,epsilon=0.2,26,0.9598150326682076,0.5581501620343776,0.40166487063382994,1.5179651947025852,5
scale_default,Epsilon_Greedy,epsilon=0.2,27,0.9675346030134466,0.5597142931826823,0.40782030983076434,1.527248896196129,5
scale_default,Epsilon_Greedy,epsilon=0.2,28,0.9801576666262267,0.562450209017626,0.41770745760860073,1.5426078756438528,5
scale_default,Epsilon_Greedy,epsilon=0.2,29,0.9971114361684881,0.5556595141638454,0.44145192200464267,1.5527709503323335,5
scale_default,Epsilon_Greedy,epsilon=0.2,30,1.0079243714275206,0.5552305787652262,0.45269379266229437,1.5631549501927466,5
scale_default,Epsilon_Greedy,epsilon=0.2,31,1.0174438580815535,0.5510267457680581,0.46641711231349536,1.5684706038496117,5
scale_default,Epsilon_Greedy,epsilon=0.2,32,1.0288860964135327,0.5510899065174062,0.4777961898961265,1.5799760029309389,5
scale_default,Epsilon_Greedy,epsilon=0.2,33,1.0332455267662044,0.5511539003177017,0.4820916264485027,1.5843994270839061,5
scale_default,Epsilon_Greedy,epsilon=0.2,34,1.0653202409834421,0.5294854358587915,0.5358348051246506,1.5948056768422336,5
scale_default,Epsilon_Greedy,epsilon=0.2,35,1.0729480641096374,0.5274386803504711,0.5455093837591662,1.6003867444601085,5
scale_default,Epsilon_Greedy,epsilon=0.2,36,1.0879677095297855,0.5310940087645932,0.5568737007651923,1.6190617182943787,5
scale_default,Epsilon_Greedy,epsilon=0.2,37,1.1039720905363173,0.5422157005426143,0.561756389993703,1.6461877910789315,5
scale_default,Epsilon_Greedy,epsilon=0.2,38,1.1127613819021296,0.5400685344478127,0.5726928474543169,1.6528299163499423,5
scale_default,Epsilon_Greedy,epsilon=0.2,39,1.1196748711824835,0.544511615272899,0.5751632559095845,1.6641864864553826,5
scale_default,Epsilon_Greedy,epsilon=0.2,40,1.1361488404186297,0.5567404327317834,0.5794084076868463,1.692889273150413,5
scale_default,Epsilon_Greedy,epsilon=0.2,41,1.1553315377301574,0.5640082163519603,0.5913233213781971,1.7193397540821178,5
scale_default,Epsilon_Greedy,epsilon=0.2,42,1.1638427008708836,0.5572755310535247,0.6065671698173589,1.7211182319244083,5
scale_default,Epsilon_Greedy,epsilon=0.2,43,1.1908582805181918,0.5434954590114177,0.647362821506774,1.7343537395296096,5
scale_default,Epsilon_Greedy,epsilon=0.2,44,1.1978312316734159,0.5518730015107111,0.6459582301627048,1.749704233184127,5
scale_default,Epsilon_Greedy,epsilon=0.2,45,1.2141101949106752,0.5399120425601539,0.6741981523505213,1.7540222374708292,5
scale_default,Epsilon_Greedy,epsilon=0.2,46,1.2216985987552016,0.5461886390749946,0.675509959680207,1.7678872378301962,5
scale_default,Epsilon_Greedy,epsilon=0.2,47,1.225254077815094,0.5480164260587888,0.6772376517563052,1.7732705038738827,5
scale_default,Epsilon_Greedy,epsilon=0.2,48,1.234875533882929,0.5503982049185754,0.6844773289643535,1.7852737388015043,5
scale_default,Epsilon_Greedy,epsilon=0.2,49,1.2390409486151022,0.5453809121027953,0.6936600365123069,1.7844218607178974,5
scale_default,Epsilon_Greedy,epsilon=0.2,50,1.294222897095498,0.5271225983858502,0.7671002987096479,1.8213454954813484,5
scale_default,Epsilon_Greedy,epsilon=0.2,51,1.301988444596661,0.530464404517995,0.7715240400786659,1.832452849114656,5
scale_default,Epsilon_Greedy,epsilon=0.2,52,1.3108624433999467,0.5220233530797026,0.7888390903202441,1.8328857964796494,5
scale_default,Epsilon_Greedy,epsilon=0.2,53,1.3190167015123286,0.5201474922165705,0.7988692092957581,1.8391641937288992,5
scale_default,Epsilon_Greedy,epsilon=0.2,54,1.3397964857168412,0.5257803822121291,0.8140161035047121,1.8655768679289704,5
scale_default,Epsilon_Greedy,epsilon=0.2,55,1.3502484775749386,0.5324134954848191,0.8178349820901195,1.8826619730597578,5
scale_default,Epsilon_Greedy,epsilon=0.2,56,1.3679751650803342,0.5449413584691907,0.8230338066111436,1.912916523549525,5
scale_default,Epsilon_Greedy,epsilon=0.2,57,1.3732593371234336,0.550087892754481,0.8231714443689526,1.9233472298779146,5
scale_default,Epsilon_Greedy,epsilon=0.2,58,1.384429991045831,0.5554616712488897,0.8289683197969414,1.9398916622947207,5
scale_default,Epsilon_Greedy,epsilon=0.2,59,1.3920190454474797,0.5517814193236147,0.840237626123865,1.9438004647710945,5
scale_default,Epsilon_Greedy,epsilon=0.2,60,1.3979860602579413,0.551653986021843,0.8463320742360982,1.9496400462797843,5
scale_default,Epsilon_Greedy,epsilon=0.2,61,1.4355825596679677,0.5817435024752099,0.8538390571927578,2.0173260621431774,5
scale_default,Epsilon_Greedy,epsilon=0.2,62,1.4479996128904045,0.5780701779353045,0.8699294349551,2.026069790825709,5
scale_default,Epsilon_Greedy,epsilon=0.2,63,1.44863582677719,0.5782710368213271,0.8703647899558629,2.026906863598517,5
scale_default,Epsilon_Greedy,epsilon=0.2,64,1.4501317824165418,0.5794010089492341,0.8707307734673078,2.029532791365776,5
scale_default,Epsilon_Greedy,epsilon=0.2,65,1.4680193595782502,0.6001040458578424,0.8679153137204079,2.0681234054360926,5
scale_default,Epsilon_Greedy,epsilon=0.2,66,1.4721916926052665,0.603651943118867,0.8685397494863994,2.0758436357241337,5
scale_default,Epsilon_Greedy,epsilon=0.2,67,1.4854505753194356,0.6024528911221985,0.8829976841972371,2.087903466441634,5
scale_default,Epsilon_Greedy,epsilon=0.2,68,1.5154778102105366,0.6360451425604036,0.8794326676501331,2.1515229527709403,5
scale_default,Epsilon_Greedy,epsilon=0.2,69,1.5197268577918284,0.6394355166566287,0.8802913411351997,2.159162374448457,5
scale_default,Epsilon_Greedy,epsilon=0.2,70,1.528659445983267,0.6385200192460533,0.8901394267372137,2.1671794652293204,5
scale_default,Epsilon_Greedy,epsilon=0.2,71,1.5349583537218325,0.6410091817177437,0.8939491720040889,2.175967535439576,5
scale_default,Epsilon_Greedy,epsilon=0.2,72,1.5527040531928833,0.6316490691355892,0.9210549840572941,2.1843531223284725,5
scale_default,Epsilon_Greedy,epsilon=0.2,73,1.5577636905516568,0.6290868471935198,0.9286768433581369,2.1868505377451766,5
scale_default,Epsilon_Greedy,epsilon=0.2,74,1.5856138460631033,0.5984835600699367,0.9871302859931665,2.18409740613304,5
scale_default,Epsilon_Greedy,epsilon=0.2,75,1.5921169317133048,0.5914613776183534,1.0006555540949513,2.1835783093316583,5
scale_default,Epsilon_Greedy,epsilon=0.2,76,1.5964222837438442,0.5903329823851524,1.0060893013586918,2.186755266128997,5
scale_default,Epsilon_Greedy,epsilon=0.2,77,1.6106318418829741,0.5954055247885695,1.0152263170944047,2.2060373666715436,5
scale_default,Epsilon_Greedy,epsilon=0.2,78,1.6270427258349642,0.585360012902297,1.0416827129326673,2.212402738737261,5
scale_default,Epsilon_Greedy,epsilon=0.2,79,1.6597195688231092,0.58546876207827,1.074250806744839,2.2451883309013794,5
scale_default,Epsilon_Greedy,epsilon=0.2,80,1.6785964807715565,0.6041769239576648,1.0744195568138917,2.2827734047292214,5
scale_default,Epsilon_Greedy,epsilon=0.2,81,1.6858249031596106,0.5980856762555606,1.08773922690405,2.2839105794151715,5
scale_default,Epsilon_Greedy,epsilon=0.2,82,1.7072606250107243,0.6176585432076882,1.089602081803036,2.3249191682184125,5
scale_default,Epsilon_Greedy,epsilon=0.2,83,1.7236873469024343,0.6094626396108198,1.1142247072916145,2.333149986513254,5
scale_default,Epsilon_Greedy,epsilon=0.2,84,1.77541411052646,0.6234447039312494,1.1519694065952106,2.3988588144577094,5
scale_default,Epsilon_Greedy,epsilon=0.2,85,1.7779570656026213,0.6218747218989323,1.1560823437036891,2.3998317875015536,5
scale_default,Epsilon_Greedy,epsilon=0.2,86,1.781482321628724,0.6242469992102652,1.157235322418459,2.405729320838989,5
scale_default,Epsilon_Greedy,epsilon=0.2,87,1.7980429068798123,0.6115938791585719,1.1864490277212405,2.409636786038384,5
scale_default,Epsilon_Greedy,epsilon=0.2,88,1.8046343181420574,0.6154523699945227,1.1891819481475348,2.42008668813658,5
scale_default,Epsilon_Greedy,epsilon=0.2,89,1.831561310095654,0.6043698248345879,1.2271914852610661,2.435931134930242,5
scale_default,Epsilon_Greedy,epsilon=0.2,90,1.842295477471532,0.5961729111477069,1.2461225663238253,2.438468388619239,5
scale_default,Epsilon_Greedy,epsilon=0.2,91,1.8498437668030039,0.5905755523450804,1.2592682144579235,2.4404193191480843,5
scale_default,Epsilon_Greedy,epsilon=0.2,92,1.8541135537207638,0.5859835961968,1.2681299575239637,2.440097149917564,5
scale_default,Epsilon_Greedy,epsilon=0.2,93,1.861510379458138,0.5887493110749945,1.2727610683831436,2.4502596905331324,5
scale_default,Epsilon_Greedy,epsilon=0.2,94,1.8880638595475243,0.6260630280946154,1.2620008314529088,2.51412688764214,5
scale_default,Epsilon_Greedy,epsilon=0.2,95,1.8913335261964588,0.6230633743044236,1.2682701518920352,2.5143969005008824,5
scale_default,Epsilon_Greedy,epsilon=0.2,96,1.8928662721575678,0.6213616656424817,1.271504606515086,2.5142279378000496,5
scale_default,Epsilon_Greedy,epsilon=0.2,97,1.9009536714380162,0.6166233491144395,1.2843303223235767,2.517577020552456,5
scale_default,Epsilon_Greedy,epsilon=0.2,98,1.9107526123893996,0.6157252548274187,1.295027357561981,2.526477867216818,5
scale_default,Epsilon_Greedy,epsilon=0.2,99,1.9291491477192175,0.6234004856749582,1.3057486620442593,2.5525496333941757,5
scale_default,Epsilon_Greedy,epsilon=0.2,100,1.94503494747254,0.6398982395194766,1.3051367079530634,2.5849331869920165,5
scale_default,Epsilon_Greedy,epsilon=0.2,101,1.9550190055617027,0.6399443099920713,1.3150746955696313,2.594963315553774,5
scale_default,Epsilon_Greedy,epsilon=0.2,102,1.9642317376631446,0.6402389554281583,1.3239927822349862,2.604470693091303,5
scale_default,Epsilon_Greedy,epsilon=0.2,103,1.9707635722004042,0.6418491246084058,1.3289144475919983,2.61261269680881,5
scale_default,Epsilon_Greedy,epsilon=0.2,104,1.9937053529264719,0.6650928527761095,1.3286125001503624,2.658798205702581,5
scale_default,Epsilon_Greedy,epsilon=0.2,105,2.0384928140144694,0.6295629313856114,1.408929882628858,2.6680557454000806,5
scale_default,Epsilon_Greedy,epsilon=0.2,106,2.045522127732271,0.6358459533834219,1.4096761743488493,2.681368081115693,5
scale_default,Epsilon_Greedy,epsilon=0.2,107,2.0702727751933687,0.6241522284518534,1.4461205467415152,2.694425003645222,5
scale_default,Epsilon_Greedy,epsilon=0.2,108,2.0782881597226517,0.6293715775443588,1.4489165821782928,2.7076597372670106,5
scale_default,Epsilon_Greedy,epsilon=0.2,109,2.1119010912011866,0.6627475750710901,1.4491535161300966,2.7746486662722765,5
scale_default,Epsilon_Greedy,epsilon=0.2,110,2.1227735188944608,0.6615054779830214,1.4612680409114394,2.7842789968774824,5
scale_default,Epsilon_Greedy,epsilon=0.2,111,2.1387459949076466,0.6738410380658996,1.464904956841747,2.8125870329735463,5
scale_default,Epsilon_Greedy,epsilon=0.2,112,2.14890929691583,0.6731027876369907,1.475806509278839,2.8220120845528207,5
scale_default,Epsilon_Greedy,epsilon=0.2,113,2.1549746270290266,0.6694464641100978,1.485528162918929,2.8244210911391243,5
scale_default,Epsilon_Greedy,epsilon=0.2,114,2.169071848168322,0.6706600552354439,1.498411792932878,2.839731903403766,5
scale_default,Epsilon_Greedy,epsilon=0.2,115,2.174919931401778,0.6697916107441136,1.5051283206576644,2.8447115421458915,5
scale_default,Epsilon_Greedy,epsilon=0.2,116,2.17925386820336,0.6711012716705648,1.508152596532795,2.850355139873925,5
scale_default,Epsilon_Greedy,epsilon=0.2,117,2.185377827195592,0.6687827639930892,1.5165950632025027,2.8541605911886814,5
scale_default,Epsilon_Greedy,epsilon=0.2,118,2.193764409488174,0.6673355377369886,1.5264288717511851,2.8610999472251626,5
scale_default,Epsilon_Greedy,epsilon=0.2,119,2.196708888765712,0.670027174800878,1.5266817139648339,2.8667360635665897,5
scale_default,Epsilon_Greedy,epsilon=0.2,120,2.222614488806177,0.6968013915930238,1.5258130972131532,2.9194158803992005,5
scale_default,Epsilon_Greedy,epsilon=0.2,121,2.2278097148825187,0.7014452017656398,1.5263645131168788,2.9292549166481585,5
scale_default,Epsilon_Greedy,epsilon=0.2,122,2.2304423250347933,0.699039481436726,1.5314028435980673,2.9294818064715193,5
scale_default,Epsilon_Greedy,epsilon=0.2,123,2.241274455089967,0.6947705685576432,1.5465038865323235,2.93604502364761,5
scale_default,Epsilon_Greedy,epsilon=0.2,124,2.2440583651158184,0.6933424414703628,1.5507159236454555,2.937400806586181,5
scale_default,Epsilon_Greedy,epsilon=0.2,125,2.2528018597295802,0.6890843800029784,1.5637174797266018,2.9418862397325585,5
scale_default,Epsilon_Greedy,epsilon=0.2,126,2.2641320340492834,0.7016210818483023,1.5625109522009812,2.9657531158975856,5
scale_default,Epsilon_Greedy,epsilon=0.2,127,2.2767761743755894,0.7061456709009925,1.570630503474597,2.9829218452765818,5
scale_default,Epsilon_Greedy,epsilon=0.2,128,2.2973811337889325,0.7316940227907411,1.5656871109981914,3.0290751565796734,5
scale_default,Epsilon_Greedy,epsilon=0.2,129,2.304704498767908,0.7393267940087044,1.5653777047592037,3.044031292776612,5
scale_default,Epsilon_Greedy,epsilon=0.2,130,2.3118598094871863,0.7431409844410727,1.5687188250461137,3.055000793928259,5
scale_default,Epsilon_Greedy,epsilon=0.2,131,2.3198483613259517,0.7403690914777068,1.579479269848245,3.0602174528036583,5
scale_default,Epsilon_Greedy,epsilon=0.2,132,2.323568006779895,0.7407917479412167,1.5827762588386785,3.064359754721112,5
scale_default,Epsilon_Greedy,epsilon=0.2,133,2.3277035082341953,0.7428839919362584,1.5848195162979368,3.0705875001704537,5
scale_default,Epsilon_Greedy,epsilon=0.2,134,2.3372586473728036,0.7440399510698622,1.5932186963029413,3.081298598442666,5
scale_default,Epsilon_Greedy,epsilon=0.2,135,2.343101786923222,0.7449437181008811,1.598158068822341,3.088045505024103,5
scale_default,Epsilon_Greedy,epsilon=0.2,136,2.3475313024643905,0.7501101342401766,1.5974211682242139,3.097641436704567,5
scale_default,Epsilon_Greedy,epsilon=0.2,137,2.3621405428962743,0.7400295770822803,1.6221109658139938,3.1021701199785547,5
scale_default,Epsilon_Greedy,epsilon=0.2,138,2.3713286477841917,0.7404113050152095,1.6309173427689823,3.111739952799401,5
scale_default,Epsilon_Greedy,epsilon=0.2,139,2.38570001058089,0.7395743922582045,1.6461256183226853,3.1252744028390946,5
scale_default,Epsilon_Greedy,epsilon=0.2,140,2.39455667215175,0.7418717120846757,1.652684960067074,3.136428384236426,5
scale_default,Epsilon_Greedy,epsilon=0.2,141,2.397372111984462,0.7390702781274611,1.658301833857001,3.136442390111923,5
scale_default,Epsilon_Greedy,epsilon=0.2,142,2.401774595081678,0.7439896063298344,1.6577849887518434,3.145764201411512,5
scale_default,Epsilon_Greedy,epsilon=0.2,143,2.4174833349414504,0.7381709253421173,1.679312409599333,3.1556542602835678,5
scale_default,Epsilon_Greedy,epsilon=0.2,144,2.422584162070888,0.7372792880109662,1.6853048740599217,3.159863450081854,5
scale_default,Epsilon_Greedy,epsilon=0.2,145,2.429593723215178,0.7361620240319753,1.6934316991832028,3.1657557472471534,5
scale_default,Epsilon_Greedy,epsilon=0.2,146,2.4377475854089328,0.7379111865334023,1.6998363988755305,3.1756587719423353,5
scale_default,Epsilon_Greedy,epsilon=0.2,147,2.4462628899636223,0.7378968777686666,1.7083660121949555,3.184159767732289,5
scale_default,Epsilon_Greedy,epsilon=0.2,148,2.450860079081944,0.7414224478704539,1.7094376312114903,3.192282526952398,5
scale_default,Epsilon_Greedy,epsilon=0.2,149,2.459442373570137,0.7400813211038665,1.7193610524662706,3.1995236946740038,5
scale_default,Epsilon_Greedy,epsilon=0.2,150,2.4954477004794713,0.725742328297184,1.7697053721822873,3.2211900287766553,5
scale_default,Epsilon_Greedy,epsilon=0.2,151,2.5091662631644747,0.7332579556215947,1.7759083075428799,3.2424242187860695,5
scale_default,Epsilon_Greedy,epsilon=0.2,152,2.535408482084567,0.7125418411244243,1.8228666409601426,3.247950323208991,5
scale_default,Epsilon_Greedy,epsilon=0.2,153,2.540284844265016,0.7119676485354293,1.8283171957295865,3.2522524928004453,5
scale_default,Epsilon_Greedy,epsilon=0.2,154,2.559449618219903,0.7250722300105162,1.8343773882093868,3.2845218482304195,5
scale_default,Epsilon_Greedy,epsilon=0.2,155,2.5779535769332336,0.7513203698730432,1.8266332070601905,3.3292739468062766,5
scale_default,Epsilon_Greedy,epsilon=0.2,156,2.5847125741098247,0.7556426942864907,1.829069879823334,3.3403552683963156,5
scale_default,Epsilon_Greedy,epsilon=0.2,157,2.593865942087029,0.7633919746263346,1.8304739674606942,3.3572579167133636,5
scale_default,Epsilon_Greedy,epsilon=0.2,158,2.6031703047253982,0.7682978202121863,1.834872484513212,3.3714681249375844,5
scale_default,Epsilon_Greedy,epsilon=0.2,159,2.6184301746142236,0.7649587173346245,1.853471457279599,3.383388891948848,5
scale_default,Epsilon_Greedy,epsilon=0.2,160,2.6228679716044536,0.7651823163653021,1.8576856552391514,3.388050287969756,5
scale_default,Epsilon_Greedy,epsilon=0.2,161,2.629544326326439,0.761863927715926,1.8676803986105128,3.391408254042365,5
scale_default,Epsilon_Greedy,epsilon=0.2,162,2.6440082983146387,0.7801303827599991,1.8638779155546397,3.4241386810746377,5
scale_default,Epsilon_Greedy,epsilon=0.2,163,2.651823821557328,0.7797775099000133,1.872046311657315,3.4316013314573413,5
scale_default,Epsilon_Greedy,epsilon=0.2,164,2.656515073956389,0.776098378663343,1.8804166952930461,3.4326134526197323,5
scale_default,Epsilon_Greedy,epsilon=0.2,165,2.669967310845966,0.7711770610556755,1.8987902497902907,3.4411443719016415,5
scale_default,Epsilon_Greedy,epsilon=0.2,166,2.7035574214928664,0.7595092288127298,1.9440481926801367,3.463066650305596,5
scale_default,Epsilon_Greedy,epsilon=0.2,167,2.7110314345236146,0.7615762615807116,1.949455172942903,3.472607696104326,5
scale_default,Epsilon_Greedy,epsilon=0.2,168,2.7141043889095466,0.7588268423734391,1.9552775465361076,3.4729312312829856,5
scale_default,Epsilon_Greedy,epsilon=0.2,169,2.7199013379129737,0.7533984166627221,1.9665029212502516,3.473299754575696,5
scale_default,Epsilon_Greedy,epsilon=0.2,170,2.739850646226646,0.7428892800891864,1.9969613661374597,3.4827399263158325,5
scale_default,Epsilon_Greedy,epsilon=0.2,171,2.748761554745554,0.7365461474053561,2.012215407340198,3.48530770215091,5
scale_default,Epsilon_Greedy,epsilon=0.2,172,2.7630802913054886,0.7316851897054448,2.0313951016000438,3.4947654810109334,5
scale_default,Epsilon_Greedy,epsilon=0.2,173,2.7697151268038103,0.7298628610763451,2.039852265727465,3.4995779878801554,5
scale_default,Epsilon_Greedy,epsilon=0.2,174,2.7773719961317527,0.7255890685678282,2.0517829275639246,3.502961064699581,5
scale_default,Epsilon_Greedy,epsilon=0.2,175,2.7797140570509193,0.7267789140906212,2.052935142960298,3.5064929711415407,5
scale_default,Epsilon_Greedy,epsilon=0.2,176,2.7929390952034843,0.7272600232557005,2.065679071947784,3.5201991184591845,5
scale_default,Epsilon_Greedy,epsilon=0.2,177,2.8016461814634153,0.7223777645195252,2.07926841694389,3.5240239459829406,5
scale_default,Epsilon_Greedy,epsilon=0.2,178,2.818279207309021,0.7062759488092518,2.112003258499769,3.524555156118273,5
scale_default,Epsilon_Greedy,epsilon=0.2,179,2.8283405386631566,0.7063169822261506,2.1220235564370062,3.534657520889307,5
scale_default,Epsilon_Greedy,epsilon=0.2,180,2.8385269387267256,0.7093656858752498,2.1291612528514756,3.5478926246019755,5
scale_default,Epsilon_Greedy,epsilon=0.2,181,2.843310442852833,0.7161860178980988,2.127124424954734,3.559496460750932,5
scale_default,Epsilon_Greedy,epsilon=0.2,182,2.8487744260336356,0.7106499940095172,2.138124432024118,3.559424420043153,5
scale_default,Epsilon_Greedy,epsilon=0.2,183,2.8536329194086556,0.7120911839814458,2.14154173542721,3.5657241033901013,5
scale_default,Epsilon_Greedy,epsilon=0.2,184,2.8569167336518766,0.7126667518603753,2.1442499817915013,3.569583485512252,5
scale_default,Epsilon_Greedy,epsilon=0.2,185,2.8591139036164366,0.7121832867163059,2.1469306169001308,3.5712971903327424,5
scale_default,Epsilon_Greedy,epsilon=0.2,186,2.869812967095208,0.7108982234826192,2.1589147436125886,3.5807111905778273,5
scale_default,Epsilon_Greedy,epsilon=0.2,187,2.873862785733599,0.7145138509908866,2.159348934742712,3.588376636724486,5
scale_default,Epsilon_Greedy,epsilon=0.2,188,2.878448374439133,0.7095149977326864,2.1689333767064465,3.58796337217182,5
scale_default,Epsilon_Greedy,epsilon=0.2,189,2.8883213796126714,0.71737723248701,2.1709441471256614,3.6056986120996815,5
scale_default,Epsilon_Greedy,epsilon=0.2,190,2.896209436311907,0.7205703265274032,2.1756391097845036,3.61677976283931,5
scale_default,Epsilon_Greedy,epsilon=0.2,191,2.899601974848029,0.7227861221756073,2.176815852672422,3.622388097023636,5
scale_default,Epsilon_Greedy,epsilon=0.2,192,2.9095801812069633,0.7188990328776848,2.1906811483292783,3.6284792140846482,5
scale_default,Epsilon_Greedy,epsilon=0.2,193,2.9296284712320793,0.7053479190483979,2.2242805521836813,3.6349763902804773,5
scale_default,Epsilon_Greedy,epsilon=0.2,194,2.9550869610932624,0.6858870784728909,2.2691998826203714,3.6409740395661534,5
scale_default,Epsilon_Greedy,epsilon=0.2,195,2.9589480073180967,0.684481134795275,2.274466872522822,3.6434291421133715,5
scale_default,Epsilon_Greedy,epsilon=0.2,196,2.9652743546628857,0.681557397468581,2.283716957194305,3.6468317521314666,5
scale_default,Epsilon_Greedy,epsilon=0.2,197,2.974077243807734,0.676357520185842,2.297719723621892,3.6504347639935757,5
scale_default,Epsilon_Greedy,epsilon=0.2,198,2.981334208350419,0.6768418601134086,2.3044923482370105,3.6581760684638276,5
scale_default,Epsilon_Greedy,epsilon=0.2,199,2.996165343637728,0.6808479833737601,2.315317360263968,3.677013327011488,5
scale_default,Epsilon_Greedy,epsilon=0.2,200,3.152740943492109,0.6470340829594495,2.5057068605326593,3.7997750264515586,5
scale_default,Epsilon_Greedy,epsilon=0.2,201,3.278998739564168,0.6896699755827982,2.58932876398137,3.9686687151469666,5
scale_default,Epsilon_Greedy,epsilon=0.2,202,3.468723633279969,0.6371655746030975,2.8315580586768716,4.105889207883067,5
scale_default,Epsilon_Greedy,epsilon=0.2,203,3.5999585026245797,0.6747482024479221,2.9252103001766576,4.274706705072502,5
scale_default,Epsilon_Greedy,epsilon=0.2,204,3.735999726694387,0.7224387395294803,3.0135609871649067,4.458438466223868,5
scale_default,Epsilon_Greedy,epsilon=0.2,205,3.8160881853644115,0.7003173629217757,3.1157708224426357,4.516405548286187,5
scale_default,Epsilon_Greedy,epsilon=0.2,206,4.192824486613887,0.5218513645414417,3.670973122072445,4.714675851155328,5
scale_default,Epsilon_Greedy,epsilon=0.2,207,4.342532507793392,0.4373981311794255,3.905134376613966,4.779930638972817,5
scale_default,Epsilon_Greedy,epsilon=0.2,208,4.471745505173371,0.4241697344984379,4.047575770674933,4.895915239671809,5
scale_default,Epsilon_Greedy,epsilon=0.2,209,4.685418077263391,0.30799993928954905,4.377418137973842,4.99341801655294,5
scale_default,Epsilon_Greedy,epsilon=0.2,210,4.810100986801714,0.3737669322612345,4.43633405454048,5.183867919062949,5
scale_default,Epsilon_Greedy,epsilon=0.2,211,5.0679663010100295,0.4349748676427272,4.632991433367303,5.5029411686527565,5
scale_default,Epsilon_Greedy,epsilon=0.2,212,5.160736892081257,0.4380658607542516,4.722671031327005,5.598802752835509,5
scale_default,Epsilon_Greedy,epsilon=0.2,213,5.274446558036608,0.3690693477075989,4.905377210329009,5.6435159057442075,5
scale_default,Epsilon_Greedy,epsilon=0.2,214,5.513512383021775,0.36601158352836693,5.147500799493407,5.879523966550142,5
scale_default,Epsilon_Greedy,epsilon=0.2,215,5.741266197978553,0.4540708161252035,5.2871953818533495,6.195337014103757,5
scale_default,Epsilon_Greedy,epsilon=0.2,216,5.94141256759875,0.44839999529273283,5.493012572306017,6.389812562891483,5
scale_default,Epsilon_Greedy,epsilon=0.2,217,6.159724764157869,0.3593417986575537,5.800382965500315,6.519066562815423,5
scale_default,Epsilon_Greedy,epsilon=0.2,218,6.356125960564075,0.4439369984746549,5.91218896208942,6.80006295903873,5
scale_default,Epsilon_Greedy,epsilon=0.2,219,6.63084290606337,0.537263846636125,6.0935790594272445,7.168106752699495,5
scale_default,Epsilon_Greedy,epsilon=0.2,220,6.801081778455009,0.643358014131333,6.157723764323676,7.4444397925863415,5
scale_default,Epsilon_Greedy,epsilon=0.2,221,6.974453458937857,0.5470657299997154,6.427387728938141,7.521519188937573,5
scale_default,Epsilon_Greedy,epsilon=0.2,222,7.12733287697319,0.5704093165919677,6.556923560381223,7.6977421935651575,5
scale_default,Epsilon_Greedy,epsilon=0.2,223,7.261680489950601,0.5857673992879181,6.675913090662683,7.847447889238519,5
scale_default,Epsilon_Greedy,epsilon=0.2,224,7.3616061574058165,0.6181208362631377,6.743485321142678,7.9797269936689545,5
scale_default,Epsilon_Greedy,epsilon=0.2,225,7.609316814603763,0.6311851902267674,6.978131624376996,8.24050200483053,5
scale_default,Epsilon_Greedy,epsilon=0.2,226,7.821405910929862,0.6933398314757863,7.128066079454076,8.514745742405648,5
scale_default,Epsilon_Greedy,epsilon=0.2,227,7.9469879836648145,0.7530655618384134,7.193922421826401,8.700053545503227,5
scale_default,Epsilon_Greedy,epsilon=0.2,228,8.114568309443616,0.704136005442112,7.410432304001504,8.818704314885728,5
scale_default,Epsilon_Greedy,epsilon=0.2,229,8.234692703560807,0.7221236151226506,7.512569088438156,8.956816318683458,5
scale_default,Epsilon_Greedy,epsilon=0.2,230,8.398585325306291,0.7465832390984786,7.652002086207812,9.14516856440477,5
scale_default,Epsilon_Greedy,epsilon=0.2,231,8.48879134963818,0.808423684154774,7.6803676654834065,9.297215033792954,5
scale_default,Epsilon_Greedy,epsilon=0.2,232,8.692685396216266,0.8174406728054869,7.875244723410779,9.510126069021753,5
scale_default,Epsilon_Greedy,epsilon=0.2,233,8.780652325489283,0.8149945681111214,7.965657757378162,9.595646893600405,5
scale_default,Epsilon_Greedy,epsilon=0.2,234,8.980249456988371,0.9649303617484457,8.015319095239926,9.945179818736817,5
scale_default,Epsilon_Greedy,epsilon=0.2,235,9.139932730073133,0.9453656745341404,8.194567055538991,10.085298404607274,5
scale_default,Epsilon_Greedy,epsilon=0.2,236,9.191335030798268,0.8691142344294038,8.322220796368864,10.060449265227671,5
scale_default,Epsilon_Greedy,epsilon=0.2,237,9.298292019338783,0.9314667238619436,8.36682529547684,10.229758743200726,5
scale_default,Epsilon_Greedy,epsilon=0.2,238,9.428284014667497,0.9766949933760332,8.451589021291465,10.40497900804353,5
scale_default,Epsilon_Greedy,epsilon=0.2,239,9.673605951691448,0.9021858683256961,8.77142008336575,10.575791820017145,5
scale_default,Epsilon_Greedy,epsilon=0.2,240,9.817166492297265,0.8992442985526568,8.917922193744609,10.71641079084992,5
scale_default,Epsilon_Greedy,epsilon=0.2,241,9.979882617038859,0.8682722174624513,9.111610399576408,10.84815483450131,5
scale_default,Epsilon_Greedy,epsilon=0.2,242,10.085325451283165,0.892488767954856,9.19283668332831,10.97781421923802,5
scale_default,Epsilon_Greedy,epsilon=0.2,243,10.267516331596124,0.8516006738030726,9.41591565779305,11.119117005399197,5
scale_default,Epsilon_Greedy,epsilon=0.2,244,10.390990660700712,0.8008899922675766,9.590100668433136,11.191880652968289,5
scale_default,Epsilon_Greedy,epsilon=0.2,245,10.494822226128745,0.7786726639516011,9.716149562177144,11.273494890080347,5
scale_default,Epsilon_Greedy,epsilon=0.2,246,10.686250513972126,0.6713365756106356,10.014913938361492,11.357587089582761,5
scale_default,Epsilon_Greedy,epsilon=0.2,247,10.791289365835581,0.7153993293311537,10.075890036504427,11.506688695166735,5
scale_default,Epsilon_Greedy,epsilon=0.2,248,10.94957696554879,0.6417624447708519,10.307814520777939,11.591339410319641,5
scale_default,Epsilon_Greedy,epsilon=0.2,249,11.111008494282228,0.6501121068116231,10.460896387470605,11.76112060109385,5
scale_default,Epsilon_Greedy,epsilon=0.2,250,11.250341376277058,0.6984284430535558,10.551912933223502,11.948769819330614,5
scale_default,Epsilon_Greedy,epsilon=0.2,251,11.42782405500789,0.8347436769111164,10.593080378096772,12.262567731919006,5
scale_default,Epsilon_Greedy,epsilon=0.2,252,11.633228057867843,0.8747634916206055,10.758464566247238,12.507991549488448,5
scale_default,Epsilon_Greedy,epsilon=0.2,253,11.756974088735749,0.8814761733936362,10.875497915342113,12.638450262129385,5
scale_default,Epsilon_Greedy,epsilon=0.2,254,11.888342699239738,0.8892983611742263,10.999044338065511,12.777641060413965,5
scale_default,Epsilon_Greedy,epsilon=0.2,255,12.024630938230198,0.9872876552689095,11.037343282961288,13.011918593499107,5
scale_default,Epsilon_Greedy,epsilon=0.2,256,12.174262415102252,0.9723346620280872,11.201927753074164,13.14659707713034,5
scale_default,Epsilon_Greedy,epsilon=0.2,257,12.459310076082929,0.8373047890044113,11.622005287078517,13.29661486508734,5
scale_default,Epsilon_Greedy,epsilon=0.2,258,12.5387818014874,0.7850281970723803,11.753753604415019,13.32380999855978,5
scale_default,Epsilon_Greedy,epsilon=0.2,259,12.644721239110336,0.8788152995627844,11.765905939547551,13.52353653867312,5
scale_default,Epsilon_Greedy,epsilon=0.2,260,12.871821295365018,0.860649927580755,12.011171367784263,13.732471222945774,5
scale_default,Epsilon_Greedy,epsilon=0.2,261,13.096546559961052,0.891199630432049,12.205346929529004,13.9877461903931,5
scale_default,Epsilon_Greedy,epsilon=0.2,262,13.17475289634211,0.8675610860507361,12.307191810291373,14.042313982392846,5
scale_default,Epsilon_Greedy,epsilon=0.2,263,13.32187680792183,0.8398873796844056,12.481989428237425,14.161764187606236,5
scale_default,Epsilon_Greedy,epsilon=0.2,264,13.471040757294404,0.8790502999136689,12.591990457380735,14.350091057208072,5
scale_default,Epsilon_Greedy,epsilon=0.2,265,13.582289933678112,0.8641793100475262,12.718110623630587,14.446469243725637,5
scale_default,Epsilon_Greedy,epsilon=0.2,266,13.729437046590169,0.8979158696703171,12.831521176919852,14.627352916260486,5
scale_default,Epsilon_Greedy,epsilon=0.2,267,13.859526414242191,0.9232330750753235,12.936293339166868,14.782759489317515,5
scale_default,Epsilon_Greedy,epsilon=0.2,268,14.014092512933502,0.8322225040722412,13.18187000886126,14.846315017005743,5
scale_default,Epsilon_Greedy,epsilon=0.2,269,14.206649126759231,1.0160103717441942,13.190638755015037,15.222659498503425,5
scale_default,Epsilon_Greedy,epsilon=0.2,270,14.329043169447086,0.9568822645869495,13.372160904860136,15.285925434034036,5
scale_default,Epsilon_Greedy,epsilon=0.2,271,14.488363433704611,1.0404499786040318,13.44791345510058,15.528813412308644,5
scale_default,Epsilon_Greedy,epsilon=0.2,272,14.789551307869175,1.0361811978800046,13.75337010998917,15.82573250574918,5
scale_default,Epsilon_Greedy,epsilon=0.2,273,14.989501715636607,1.1128407078314253,13.87666100780518,16.10234242346803,5
scale_default,Epsilon_Greedy,epsilon=0.2,274,15.280959607640161,1.2890282995761901,13.991931308063972,16.56998790721635,5
scale_default,Epsilon_Greedy,epsilon=0.2,275,15.527622026040621,1.3023717293359955,14.225250296704626,16.829993755376616,5
scale_default,Epsilon_Greedy,epsilon=0.2,276,15.675423808369967,1.3102688083521645,14.365155000017802,16.985692616722133,5
scale_default,Epsilon_Greedy,epsilon=0.2,277,15.862327935010873,1.3748444603917969,14.487483474619076,17.23717239540267,5
scale_default,Epsilon_Greedy,epsilon=0.2,278,16.022570693137723,1.360727612486104,14.66184308065162,17.38329830562383,5
scale_default,Epsilon_Greedy,epsilon=0.2,279,16.183838823088145,1.3085466300681232,14.875292193020021,17.492385453156267,5
scale_default,Epsilon_Greedy,epsilon=0.2,280,16.382052779346445,1.246362455237104,15.13569032410934,17.62841523458355,5
scale_default,Epsilon_Greedy,epsilon=0.2,281,16.51901472445899,1.2882649958157406,15.23074972864325,17.80727972027473,5
scale_default,Epsilon_Greedy,epsilon=0.2,282,16.70381132986398,1.3404108106493569,15.363400519214625,18.044222140513337,5
scale_default,Epsilon_Greedy,epsilon=0.2,283,16.789728782656077,1.312002920678827,15.47772586197725,18.101731703334906,5
scale_default,Epsilon_Greedy,epsilon=0.2,284,17.011506293082455,1.3878434457495492,15.623662847332906,18.399349738832004,5
scale_default,Epsilon_Greedy,epsilon=0.2,285,17.103576848209105,1.3992071302852627,15.704369717923843,18.502783978494367,5
scale_default,Epsilon_Greedy,epsilon=0.2,286,17.313311349386602,1.475827380593433,15.837483968793169,18.789138729980035,5
scale_default,Epsilon_Greedy,epsilon=0.2,287,17.51603801428641,1.5370894455350081,15.9789485687514,19.053127459821418,5
scale_default,Epsilon_Greedy,epsilon=0.2,288,17.71499866895183,1.6178716901415913,16.097126978810238,19.33287035909342,5
scale_default,Epsilon_Greedy,epsilon=0.2,289,17.774781556785626,1.6251401659045275,16.1496413908811,19.399921722690152,5
scale_default,Epsilon_Greedy,epsilon=0.2,290,18.01847793576121,1.7190876761900848,16.299390259571126,19.737565611951297,5
scale_default,Epsilon_Greedy,epsilon=0.2,291,18.16353253942447,1.7082233483115914,16.455309191112878,19.87175588773606,5
scale_default,Epsilon_Greedy,epsilon=0.2,292,18.21174311134717,1.6732926291322505,16.53845048221492,19.885035740479424,5
scale_default,Epsilon_Greedy,epsilon=0.2,293,18.347915200143483,1.675460005256349,16.672455194887135,20.02337520539983,5
scale_default,Epsilon_Greedy,epsilon=0.2,294,18.45940224976066,1.6001024497232499,16.859299800037412,20.05950469948391,5
scale_default,Epsilon_Greedy,epsilon=0.2,295,18.60780002328152,1.5763573337754748,17.031442689506044,20.184157357056996,5
scale_default,Epsilon_Greedy,epsilon=0.2,296,18.85546896421069,1.5475513614689624,17.30791760274173,20.403020325679652,5
scale_default,Epsilon_Greedy,epsilon=0.2,297,19.04671081824207,1.6702912486443549,17.376419569597715,20.717002066886423,5
scale_default,Epsilon_Greedy,epsilon=0.2,298,19.13846739045625,1.6830742066923865,17.455393183763864,20.821541597148634,5
scale_default,Epsilon_Greedy,epsilon=0.2,299,19.3623676298922,1.6885423924541776,17.673825237438024,21.05091002234638,5
scale_default,Epsilon_Greedy,epsilon=0.2,300,19.537989229038345,1.657717840196984,17.88027138884136,21.19570706923533,5
scale_default,Epsilon_Greedy,epsilon=0.2,301,19.71407106382941,1.6784643446798388,18.035606719149573,21.39253540850925,5
scale_default,Epsilon_Greedy,epsilon=0.2,302,19.8377171734581,1.6429633440860527,18.194753829372047,21.48068051754415,5
scale_default,Epsilon_Greedy,epsilon=0.2,303,19.989407072981713,1.6703153565041446,18.31909171647757,21.659722429485857,5
scale_default,Epsilon_Greedy,epsilon=0.2,304,20.197142395894396,1.6690057469532245,18.52813664894117,21.86614814284762,5
scale_default,Epsilon_Greedy,epsilon=0.2,305,20.351148997712208,1.699873720171603,18.651275277540606,22.05102271788381,5
scale_default,Epsilon_Greedy,epsilon=0.2,306,20.58748466412528,1.749701645585437,18.837783018539845,22.337186309710717,5
scale_default,Epsilon_Greedy,epsilon=0.2,307,20.721606309035273,1.718385635061067,19.003220673974205,22.43999194409634,5
scale_default,Epsilon_Greedy,epsilon=0.2,308,20.891191210546943,1.7604648973253507,19.130726313221594,22.65165610787229,5
scale_default,Epsilon_Greedy,epsilon=0.2,309,21.063885398197062,1.8303805633178147,19.23350483487925,22.894265961514876,5
scale_default,Epsilon_Greedy,epsilon=0.2,310,21.224178429040627,1.8069485323556287,19.417229896684997,23.031126961396257,5
scale_default,Epsilon_Greedy,epsilon=0.2,311,21.37792263203169,1.8557772586894938,19.522145373342198,23.233699890721184,5
scale_default,Epsilon_Greedy,epsilon=0.2,312,21.504516553184875,1.8016612885200307,19.702855264664844,23.306177841704905,5
scale_default,Epsilon_Greedy,epsilon=0.2,313,21.59214447616804,1.7984478242477944,19.793696651920246,23.390592300415836,5
scale_default,Epsilon_Greedy,epsilon=0.2,314,21.738009469508814,1.8228573125079768,19.915152157000836,23.56086678201679,5
scale_default,Epsilon_Greedy,epsilon=0.2,315,21.968868445582473,1.8152964445666326,20.15357200101584,23.784164890149107,5
scale_default,Epsilon_Greedy,epsilon=0.2,316,22.21698595847831,1.8045202981421449,20.412465660336167,24.021506256620455,5
scale_default,Epsilon_Greedy,epsilon=0.2,317,22.41094920213211,1.8923902299058235,20.518558972226284,24.303339432037934,5
scale_default,Epsilon_Greedy,epsilon=0.2,318,22.585209596556194,1.9154843533765382,20.669725243179656,24.50069394993273,5
scale_default,Epsilon_Greedy,epsilon=0.2,319,22.756343735760648,1.9543367381064056,20.802006997654242,24.710680473867054,5
scale_default,Epsilon_Greedy,epsilon=0.2,320,22.923024358094125,1.9367241379587727,20.98630022013535,24.859748496052898,5
scale_default,Epsilon_Greedy,epsilon=0.2,321,23.169290905281397,1.9408295327638985,21.228461372517497,25.110120438045296,5
scale_default,Epsilon_Greedy,epsilon=0.2,322,23.357599959272257,1.9048565535874324,21.452743405684824,25.26245651285969,5
scale_default,Epsilon_Greedy,epsilon=0.2,323,23.482316623023358,1.9592214746417669,21.523095148381593,25.441538097665124,5
scale_default,Epsilon_Greedy,epsilon=0.2,324,23.738555032918885,1.9449601225311226,21.793594910387764,25.683515155450007,5
scale_default,Epsilon_Greedy,epsilon=0.2,325,23.909282916317085,1.9661286376639968,21.94315427865309,25.87541155398108,5
scale_default,Epsilon_Greedy,epsilon=0.2,326,24.045979677771655,2.0187042110403013,22.027275466731354,26.064683888811956,5
scale_default,Epsilon_Greedy,epsilon=0.2,327,24.21889531121827,2.027300485527607,22.19159482569066,26.246195796745877,5
scale_default,Epsilon_Greedy,epsilon=0.2,328,24.409451172223193,2.103141063822473,22.30631010840072,26.512592236045666,5
scale_default,Epsilon_Greedy,epsilon=0.2,329,24.500382801968634,2.140969441862785,22.359413360105847,26.64135224383142,5
scale_default,Epsilon_Greedy,epsilon=0.2,330,24.62539095907602,2.21452023978132,22.410870719294703,26.83991119885734,5
scale_default,Epsilon_Greedy,epsilon=0.2,331,24.756720531914517,2.1903961185470155,22.566324413367504,26.94711665046153,5
scale_default,Epsilon_Greedy,epsilon=0.2,332,24.893420655521197,2.211421008167635,22.681999647353564,27.10484166368883,5
scale_default,Epsilon_Greedy,epsilon=0.2,333,25.089703549004412,2.1512830171075086,22.938420531896902,27.24098656611192,5
scale_default,Epsilon_Greedy,epsilon=0.2,334,25.21654276197892,2.199059901530513,23.017482860448407,27.415602663509436,5
scale_default,Epsilon_Greedy,epsilon=0.2,335,25.399239514978554,2.3264204927586296,23.072819022219925,27.725660007737183,5
scale_default,Epsilon_Greedy,epsilon=0.2,336,25.534942009505414,2.4093987959207346,23.12554321358468,27.944340805426148,5
scale_default,Epsilon_Greedy,epsilon=0.2,337,25.725415340367316,2.483672318556993,23.241743021810322,28.20908765892431,5
scale_default,Epsilon_Greedy,epsilon=0.2,338,25.88505902355564,2.59360670412773,23.29145231942791,28.47866572768337,5
scale_default,Epsilon_Greedy,epsilon=0.2,339,25.997411675122816,2.528741791054702,23.468669884068113,28.52615346617752,5
scale_default,Epsilon_Greedy,epsilon=0.2,340,26.207921462624636,2.5361979575919102,23.671723505032727,28.744119420216546,5
scale_default,Epsilon_Greedy,epsilon=0.2,341,26.435488366905474,2.7130727349963166,23.722415631909158,29.14856110190179,5
scale_default,Epsilon_Greedy,epsilon=0.2,342,26.701527549624643,2.775579764221273,23.92594778540337,29.477107313845917,5
scale_default,Epsilon_Greedy,epsilon=0.2,343,26.845720283971424,2.7806293567651204,24.065090927206302,29.626349640736546,5
scale_default,Epsilon_Greedy,epsilon=0.2,344,26.935982794233205,2.7672313616056714,24.168751432627534,29.703214155838875,5
scale_default,Epsilon_Greedy,epsilon=0.2,345,27.03321442046403,2.7899247917397956,24.243289628724234,29.823139212203827,5
scale_default,Epsilon_Greedy,epsilon=0.2,346,27.123805812970254,2.7668698739571465,24.356935939013105,29.890675686927402,5
scale_default,Epsilon_Greedy,epsilon=0.2,347,27.274301950060867,2.7896855870117983,24.484616363049067,30.063987537072666,5
scale_default,Epsilon_Greedy,epsilon=0.2,348,27.46532268352762,2.787560093795876,24.677762589731746,30.252882777323496,5
scale_default,Epsilon_Greedy,epsilon=0.2,349,27.604539264236102,2.857590391077995,24.746948873158107,30.462129655314097,5
scale_default,Epsilon_Greedy,epsilon=0.2,350,27.707152661053623,2.8529230370725105,24.854229623981112,30.560075698126134,5
scale_default,Epsilon_Greedy,epsilon=0.2,351,27.769872835939804,2.827058149013387,24.94281468692642,30.59693098495319,5
scale_default,Epsilon_Greedy,epsilon=0.2,352,27.869767063086208,2.8684161583018173,25.001350904784392,30.738183221388024,5
scale_default,Epsilon_Greedy,epsilon=0.2,353,27.93611296658596,2.877530422067267,25.058582544518693,30.813643388653226,5
scale_default,Epsilon_Greedy,epsilon=0.2,354,28.244499471071265,2.7892393022534443,25.45526016881782,31.03373877332471,5
scale_default,Epsilon_Greedy,epsilon=0.2,355,28.385403840883917,2.8347713368541343,25.55063250402978,31.220175177738053,5
scale_default,Epsilon_Greedy,epsilon=0.2,356,28.557721263610585,2.9165781815849074,25.64114308202568,31.47429944519549,5
scale_default,Epsilon_Greedy,epsilon=0.2,357,28.704289483144493,2.8833643882385966,25.820925094905895,31.58765387138309,5
scale_default,Epsilon_Greedy,epsilon=0.2,358,28.970682075576992,2.9701466747423257,26.000535400834664,31.94082875031932,5
scale_default,Epsilon_Greedy,epsilon=0.2,359,29.066263263062734,3.0185791088914593,26.047684154171275,32.084842371954196,5
scale_default,Epsilon_Greedy,epsilon=0.2,360,29.326746927595128,3.0815373691233843,26.245209558471743,32.40828429671851,5
scale_default,Epsilon_Greedy,epsilon=0.2,361,29.378766420383293,3.082843115335451,26.295923305047843,32.46160953571874,5
scale_default,Epsilon_Greedy,epsilon=0.2,362,29.4975189254446,3.0238924457585803,26.47362647968602,32.52141137120318,5
scale_default,Epsilon_Greedy,epsilon=0.2,363,29.770329907143406,3.2340517525380608,26.536278154605345,33.004381659681464,5
scale_default,Epsilon_Greedy,epsilon=0.2,364,29.900527177997873,3.2095534304455864,26.690973747552285,33.11008060844346,5
scale_default,Epsilon_Greedy,epsilon=0.2,365,30.05532359277234,3.2280331159050073,26.827290476867333,33.283356708677346,5
scale_default,Epsilon_Greedy,epsilon=0.2,366,30.264627658274264,3.108378514855947,27.156249143418318,33.373006173130214,5
scale_default,Epsilon_Greedy,epsilon=0.2,367,30.40050710634275,3.121249515852001,27.27925759049075,33.52175662219475,5
scale_default,Epsilon_Greedy,epsilon=0.2,368,30.649537430080805,2.9865159831485477,27.66302144693226,33.636053413229355,5
scale_default,Epsilon_Greedy,epsilon=0.2,369,30.79783266989609,2.876769744761517,27.92106292513457,33.674602414657606,5
scale_default,Epsilon_Greedy,epsilon=0.2,370,31.038686861440283,2.7515051655863143,28.287181695853967,33.7901920270266,5
scale_default,Epsilon_Greedy,epsilon=0.2,371,31.30058570604358,2.8835512948811304,28.41703441116245,34.184137000924714,5
scale_default,Epsilon_Greedy,epsilon=0.2,372,31.433505161687528,2.8793911048031697,28.55411405688436,34.3128962664907,5
scale_default,Epsilon_Greedy,epsilon=0.2,373,31.64662045210457,3.0151065481287675,28.631513903975804,34.66172700023334,5
scale_default,Epsilon_Greedy,epsilon=0.2,374,31.799759843182567,3.0003256898114983,28.79943415337107,34.80008553299407,5
scale_default,Epsilon_Greedy,epsilon=0.2,375,32.0048105287669,3.0576849405765003,28.947125588190403,35.0624954693434,5
scale_default,Epsilon_Greedy,epsilon=0.2,376,32.23729968358829,3.128420026684099,29.10887965690419,35.36571971027239,5
scale_default,Epsilon_Greedy,epsilon=0.2,377,32.39155491840226,3.1402655780786075,29.25128934032365,35.53182049648086,5
scale_default,Epsilon_Greedy,epsilon=0.2,378,32.56743082208295,3.1766449408478725,29.390785881235075,35.74407576293082,5
scale_default,Epsilon_Greedy,epsilon=0.2,379,32.82897112242756,3.109752999014059,29.7192181234135,35.938724121441616,5
scale_default,Epsilon_Greedy,epsilon=0.2,380,33.066834050934574,3.0468746399814215,30.019959410953152,36.113708690916,5
scale_default,Epsilon_Greedy,epsilon=0.2,381,33.17645092617583,3.0676309757005833,30.108819950475247,36.24408190187641,5
scale_default,Epsilon_Greedy,epsilon=0.2,382,33.2829253288822,3.1048749196980836,30.178050409184117,36.387800248580284,5
scale_default,Epsilon_Greedy,epsilon=0.2,383,33.39468824613825,3.1626349473466253,30.232053298791627,36.557323193484876,5
scale_default,Epsilon_Greedy,epsilon=0.2,384,33.49314426728405,3.143390880811543,30.349753386472507,36.6365351480956,5
scale_default,Epsilon_Greedy,epsilon=0.2,385,33.647893992603805,3.1688465534982164,30.47904743910559,36.816740546102025,5
scale_default,Epsilon_Greedy,epsilon=0.2,386,33.740830082760134,3.0842134447465774,30.656616638013556,36.82504352750671,5
scale_default,Epsilon_Greedy,epsilon=0.2,387,33.932559405382726,3.0990744038005587,30.83348500158217,37.03163380918328,5
scale_default,Epsilon_Greedy,epsilon=0.2,388,34.13981138116248,3.1620389673879745,30.977772413774506,37.30185034855045,5
scale_default,Epsilon_Greedy,epsilon=0.2,389,34.36570274378572,3.1607918485675146,31.204910895218205,37.52649459235323,5
scale_default,Epsilon_Greedy,epsilon=0.2,390,34.51265943098268,3.156640957588893,31.35601847339379,37.66930038857157,5
scale_default,Epsilon_Greedy,epsilon=0.2,391,34.710521588860395,3.077987412451126,31.63253417640927,37.788509001311525,5
scale_default,Epsilon_Greedy,epsilon=0.2,392,34.88955594772002,3.186262946401621,31.7032930013184,38.07581889412164,5
scale_default,Epsilon_Greedy,epsilon=0.2,393,35.089837823827594,3.226128960654758,31.863708863172835,38.31596678448235,5
scale_default,Epsilon_Greedy,epsilon=0.2,394,35.23414657990905,3.304724990782461,31.92942158912659,38.53887157069151,5
scale_default,Epsilon_Greedy,epsilon=0.2,395,35.3423706138064,3.3289644365619027,32.0134061772445,38.671335050368306,5
scale_default,Epsilon_Greedy,epsilon=0.2,396,35.437515979266195,3.3746827113105162,32.06283326795568,38.81219869057671,5
scale_default,Epsilon_Greedy,epsilon=0.2,397,35.57880521541264,3.403753126613451,32.17505208879919,38.982558342026095,5
scale_default,Epsilon_Greedy,epsilon=0.2,398,35.76156197497407,3.374987382240618,32.38657459273345,39.13654935721469,5
scale_default,Epsilon_Greedy,epsilon=0.2,399,35.925241030619475,3.366352194417475,32.558888836202,39.29159322503695,5
scale_default,Epsilon_Greedy,epsilon=0.2,400,36.09535346594899,3.4052960296307915,32.6900574363182,39.50064949557978,5
scale_default,Epsilon_Greedy,epsilon=0.2,401,36.241536834478026,3.387635694060062,32.85390114041797,39.629172528538085,5
scale_default,Epsilon_Greedy,epsilon=0.2,402,36.42156009098835,3.4330821771448767,32.988477913843475,39.854642268133226,5
scale_default,Epsilon_Greedy,epsilon=0.2,403,36.556774974866755,3.390930855362963,33.165844119503795,39.947705830229715,5
scale_default,Epsilon_Greedy,epsilon=0.2,404,36.77386317800225,3.3974392031050207,33.37642397489723,40.171302381107274,5
scale_default,Epsilon_Greedy,epsilon=0.2,405,36.952335140923196,3.450477742346326,33.501857398576874,40.40281288326952,5
scale_default,Epsilon_Greedy,epsilon=0.2,406,37.04776647049226,3.398834579814339,33.64893189067792,40.446601050306604,5
scale_default,Epsilon_Greedy,epsilon=0.2,407,37.21574362001475,3.2887486296531327,33.926994990361614,40.504492249667884,5
scale_default,Epsilon_Greedy,epsilon=0.2,408,37.3312213935378,3.289790659181619,34.04143073435618,40.62101205271942,5
scale_default,Epsilon_Greedy,epsilon=0.2,409,37.41756086914817,3.305815058991194,34.111745810156975,40.72337592813936,5
scale_default,Epsilon_Greedy,epsilon=0.2,410,37.588245295224816,3.307538478269675,34.28070681695514,40.89578377349449,5
scale_default,Epsilon_Greedy,epsilon=0.2,411,37.73707368617506,3.2653042981041724,34.47176938807089,41.00237798427923,5
scale_default,Epsilon_Greedy,epsilon=0.2,412,37.97662702789134,3.2592530134977444,34.7173740143936,41.23588004138908,5
scale_default,Epsilon_Greedy,epsilon=0.2,413,38.09401603175833,3.2749481189828575,34.81906791277547,41.368964150741185,5
scale_default,Epsilon_Greedy,epsilon=0.2,414,38.239361989412245,3.295948167590524,34.94341382182172,41.53531015700277,5
scale_default,Epsilon_Greedy,epsilon=0.2,415,38.398915151338834,3.3044017105974164,35.094513440741416,41.70331686193625,5
scale_default,Epsilon_Greedy,epsilon=0.2,416,38.64662577009712,3.328137442504479,35.31848832759264,41.974763212601594,5
scale_default,Epsilon_Greedy,epsilon=0.2,417,38.784118080144445,3.2527206148232564,35.53139746532119,42.0368386949677,5
scale_default,Epsilon_Greedy,epsilon=0.2,418,39.07317321324372,3.4243000660610776,35.64887314718264,42.4974732793048,5
scale_default,Epsilon_Greedy,epsilon=0.2,419,39.18543504124709,3.4702134647107643,35.71522157653632,42.655648505957856,5
scale_default,Epsilon_Greedy,epsilon=0.2,420,39.450205588129265,3.4781368486192834,35.97206873950998,42.92834243674855,5
scale_default,Epsilon_Greedy,epsilon=0.2,421,39.6806032080405,3.3843081468329745,36.29629506120753,43.06491135487347,5
scale_default,Epsilon_Greedy,epsilon=0.2,422,39.90976943318261,3.4066772365678046,36.50309219661481,43.31644666975041,5
scale_default,Epsilon_Greedy,epsilon=0.2,423,40.17853322314175,3.2766873811698334,36.90184584197191,43.455220604311585,5
scale_default,Epsilon_Greedy,epsilon=0.2,424,40.27572457001046,3.2819676080992957,36.99375696191117,43.557692178109754,5
scale_default,Epsilon_Greedy,epsilon=0.2,425,40.40958950078375,3.3571627654906235,37.05242673529313,43.76675226627437,5
scale_default,Epsilon_Greedy,epsilon=0.2,426,40.700781300277995,3.252682858023344,37.448098442254654,43.95346415830134,5
scale_default,Epsilon_Greedy,epsilon=0.2,427,40.837962725185456,3.3810289480399516,37.4569337771455,44.21899167322541,5
scale_default,Epsilon_Greedy,epsilon=0.2,428,41.0365704428738,3.4452574203669935,37.59131302250681,44.481827863240795,5
scale_default,Epsilon_Greedy,epsilon=0.2,429,41.252758443124414,3.310249529335118,37.9425089137893,44.56300797245953,5
scale_default,Epsilon_Greedy,epsilon=0.2,430,41.47852128458909,3.1741401465945516,38.30438113799454,44.652661431183645,5
scale_default,Epsilon_Greedy,epsilon=0.2,431,41.551805191109324,3.1337307587638707,38.418074432345456,44.68553594987319,5
scale_default,Epsilon_Greedy,epsilon=0.2,432,41.67920063207014,3.139046146574348,38.54015448549579,44.81824677864449,5
scale_default,Epsilon_Greedy,epsilon=0.2,433,41.779136385371416,3.2347978997428033,38.544338485628614,45.01393428511422,5
scale_default,Epsilon_Greedy,epsilon=0.2,434,41.95155466556881,3.181494356819785,38.770060308749024,45.13304902238859,5
scale_default,Epsilon_Greedy,epsilon=0.2,435,42.09912313109953,3.26325530280199,38.835867828297545,45.36237843390152,5
scale_default,Epsilon_Greedy,epsilon=0.2,436,42.2937073515836,3.3233532945136925,38.970354057069905,45.61706064609729,5
scale_default,Epsilon_Greedy,epsilon=0.2,437,42.501362452015364,3.2813380323834993,39.22002441963186,45.782700484398866,5
scale_default,Epsilon_Greedy,epsilon=0.2,438,42.66199255100967,3.1633233857480034,39.49866916526167,45.82531593675767,5
scale_default,Epsilon_Greedy,epsilon=0.2,439,42.82425586849749,3.074282414845098,39.74997345365239,45.89853828334259,5
scale_default,Epsilon_Greedy,epsilon=0.2,440,42.990178062468566,3.1083068169219175,39.88187124554665,46.09848487939048,5
scale_default,Epsilon_Greedy,epsilon=0.2,441,43.203655114449845,3.136247839516979,40.06740727493287,46.33990295396682,5
scale_default,Epsilon_Greedy,epsilon=0.2,442,43.40489285011305,3.1794118012767516,40.2254810488363,46.5843046513898,5
scale_default,Epsilon_Greedy,epsilon=0.2,443,43.70955488334653,3.288474214204647,40.42108066914188,46.998029097551175,5
scale_default,Epsilon_Greedy,epsilon=0.2,444,44.00661484420995,3.360520774829813,40.64609406938013,47.367135619039765,5
scale_default,Epsilon_Greedy,epsilon=0.2,445,44.24375503741476,3.363962683865381,40.87979235354938,47.60771772128014,5
scale_default,Epsilon_Greedy,epsilon=0.2,446,44.32537960298096,3.394688977873565,40.930690625107395,47.72006858085452,5
scale_default,Epsilon_Greedy,epsilon=0.2,447,44.47061908493284,3.441509030513799,41.02911005441904,47.91212811544664,5
scale_default,Epsilon_Greedy,epsilon=0.2,448,44.63371822780207,3.3577194888713513,41.27599873893072,47.991437716673424,5
scale_default,Epsilon_Greedy,epsilon=0.2,449,44.90215444847415,3.28882378655427,41.61333066191988,48.19097823502842,5
scale_default,Epsilon_Greedy,epsilon=0.2,450,45.03088406795526,3.258433527704455,41.77245054025081,48.28931759565972,5
scale_default,Epsilon_Greedy,epsilon=0.2,451,45.17020139489079,3.268223360650349,41.90197803424044,48.438424755541135,5
scale_default,Epsilon_Greedy,epsilon=0.2,452,45.20426059117671,3.2593052087771452,41.94495538239957,48.463565799953855,5
scale_default,Epsilon_Greedy,epsilon=0.2,453,45.387149169552806,3.2615344690254924,42.125614700527315,48.6486836385783,5
scale_default,Epsilon_Greedy,epsilon=0.2,454,45.49562755279901,3.176758404519501,42.318869148279504,48.67238595731851,5
scale_default,Epsilon_Greedy,epsilon=0.2,455,45.597555909745424,3.12666441628296,42.47089149346246,48.72422032602839,5
scale_default,Epsilon_Greedy,epsilon=0.2,456,45.730597600909185,3.1228603511840887,42.6077372497251,48.85345795209327,5
scale_default,Epsilon_Greedy,epsilon=0.2,457,45.831225325074925,3.1008834919181423,42.730341833156785,48.932108816993065,5
scale_default,Epsilon_Greedy,epsilon=0.2,458,46.04474939383077,3.160544119984513,42.884205273846256,49.205293513815285,5
scale_default,Epsilon_Greedy,epsilon=0.2,459,46.16008292135742,3.1368480404072225,43.0232348809502,49.296930961764645,5
scale_default,Epsilon_Greedy,epsilon=0.2,460,46.33835295363575,3.1713784975497443,43.166974456086,49.509731451185495,5
scale_default,Epsilon_Greedy,epsilon=0.2,461,46.42984146862217,3.176487254068739,43.25335421455343,49.60632872269091,5
scale_default,Epsilon_Greedy,epsilon=0.2,462,46.61554107535769,3.080997633662281,43.53454344169541,49.69653870901997,5
scale_default,Epsilon_Greedy,epsilon=0.2,463,46.901406143120255,2.8341652309601026,44.06724091216015,49.73557137408036,5
scale_default,Epsilon_Greedy,epsilon=0.2,464,47.08525555051841,2.866104132685337,44.219151417833075,49.95135968320375,5
scale_default,Epsilon_Greedy,epsilon=0.2,465,47.27817877616571,3.011780113348897,44.26639866281681,50.28995888951461,5
scale_default,Epsilon_Greedy,epsilon=0.2,466,47.42989913835691,2.968022049273515,44.461877089083394,50.39792118763042,5
scale_default,Epsilon_Greedy,epsilon=0.2,467,47.49996737325279,2.9668618016155817,44.53310557163721,50.466829174868366,5
scale_default,Epsilon_Greedy,epsilon=0.2,468,47.60813961870363,2.927181497185273,44.68095812151836,50.535321115888905,5
scale_default,Epsilon_Greedy,epsilon=0.2,469,47.74910293001991,2.9324728145172685,44.81663011550264,50.68157574453718,5
scale_default,Epsilon_Greedy,epsilon=0.2,470,47.91203349600126,2.938679606121147,44.97335388988011,50.850713102122405,5
scale_default,Epsilon_Greedy,epsilon=0.2,471,48.02672885627857,2.9142130712955208,45.112515784983046,50.94094192757409,5
scale_default,Epsilon_Greedy,epsilon=0.2,472,48.25916994154719,2.9856553528504137,45.27351458869678,51.24482529439761,5
scale_default,Epsilon_Greedy,epsilon=0.2,473,48.46747125970529,3.0222535443189114,45.44521771538638,51.489724804024206,5
scale_default,Epsilon_Greedy,epsilon=0.2,474,48.756179864328985,2.934674744557934,45.821505119771054,51.690854608886916,5
scale_default,Epsilon_Greedy,epsilon=0.2,475,48.9717939365499,2.9702787792000933,46.00151515734981,51.942072715749994,5
scale_default,Epsilon_Greedy,epsilon=0.2,476,49.16225188818174,3.043710461150161,46.11854142703158,52.205962349331905,5
scale_default,Epsilon_Greedy,epsilon=0.2,477,49.35662075107399,2.9677042534819473,46.38891649759204,52.32432500455594,5
scale_default,Epsilon_Greedy,epsilon=0.2,478,49.59724820632245,2.8378185400192675,46.75942966630318,52.43506674634172,5
scale_default,Epsilon_Greedy,epsilon=0.2,479,49.824936707213524,2.8544710644411717,46.97046564277235,52.679407771654695,5
scale_default,Epsilon_Greedy,epsilon=0.2,480,49.97743209948582,2.8392701538258676,47.13816194565995,52.81670225331168,5
scale_default,Epsilon_Greedy,epsilon=0.2,481,50.18133206377961,2.9384786992031398,47.24285336457647,53.119810762982745,5
scale_default,Epsilon_Greedy,epsilon=0.2,482,50.31159893508596,2.9157842683516413,47.39581466673432,53.227383203437604,5
scale_default,Epsilon_Greedy,epsilon=0.2,483,50.42175171342751,2.889712679872538,47.53203903355497,53.31146439330005,5
scale_default,Epsilon_Greedy,epsilon=0.2,484,50.57152191018521,2.8730958273824942,47.69842608280272,53.444617737567704,5
scale_default,Epsilon_Greedy,epsilon=0.2,485,50.66405017523472,2.9225353174024167,47.74151485783231,53.586585492637134,5
scale_default,Epsilon_Greedy,epsilon=0.2,486,50.86668754725367,2.988633682545137,47.878053864708534,53.855321229798804,5
scale_default,Epsilon_Greedy,epsilon=0.2,487,50.94026257381851,2.97164383998068,47.96861873383783,53.91190641379919,5
scale_default,Epsilon_Greedy,epsilon=0.2,488,51.07412135195657,3.021690616718175,48.052430735238396,54.095811968674745,5
scale_default,Epsilon_Greedy,epsilon=0.2,489,51.18312198851941,3.0413103658522234,48.141811622667184,54.224432354371636,5
scale_default,Epsilon_Greedy,epsilon=0.2,490,51.308665087585425,3.107568690801171,48.20109639678425,54.4162337783866,5
scale_default,Epsilon_Greedy,epsilon=0.2,491,51.470863239821384,3.103522205230805,48.36734103459058,54.57438544505219,5
scale_default,Epsilon_Greedy,epsilon=0.2,492,51.731978562234346,3.049300027158713,48.68267853507563,54.78127858939306,5
scale_default,Epsilon_Greedy,epsilon=0.2,493,51.84507958954704,3.079344804203842,48.7657347853432,54.92442439375088,5
scale_default,Epsilon_Greedy,epsilon=0.2,494,52.09920625653069,3.069146871789746,49.030059384740944,55.16835312832044,5
scale_default,Epsilon_Greedy,epsilon=0.2,495,52.34850821191416,3.1029367504066956,49.24557146150746,55.451444962320856,5
scale_default,Epsilon_Greedy,epsilon=0.2,496,52.66335985413134,3.2765798681356655,49.38677998599568,55.939939722267006,5
scale_default,Epsilon_Greedy,epsilon=0.2,497,52.76590826455306,3.2794872157458737,49.48642104880719,56.045395480298936,5
scale_default,Epsilon_Greedy,epsilon=0.2,498,52.99521983134598,3.309122935901039,49.68609689544494,56.304342767247014,5
scale_default,Epsilon_Greedy,epsilon=0.2,499,53.17709956106614,3.401705950673653,49.77539361039249,56.578805511739795,5
scale_default,Epsilon_Greedy,epsilon=0.2,500,53.4471799883933,3.394279722717107,50.05290026567619,56.84145971111041,5
scale_default,Epsilon_Greedy,epsilon=0.2,501,53.66467940270515,3.497975513683939,50.16670388902121,57.16265491638909,5
scale_default,Epsilon_Greedy,epsilon=0.2,502,53.813269742404074,3.474443084210212,50.33882665819386,57.28771282661429,5
scale_default,Epsilon_Greedy,epsilon=0.2,503,53.99202150785195,3.510251235096191,50.48177027275576,57.50227274294814,5
scale_default,Epsilon_Greedy,epsilon=0.2,504,54.131418353106916,3.470767172710855,50.66065118039606,57.602185525817774,5
scale_default,Epsilon_Greedy,epsilon=0.2,505,54.278812981004705,3.4709755095787203,50.807837471425984,57.74978849058343,5
scale_default,Epsilon_Greedy,epsilon=0.2,506,54.364598745286536,3.4639990182575686,50.90059972702897,57.8285977635441,5
scale_default,Epsilon_Greedy,epsilon=0.2,507,54.48229906242229,3.3732396326387803,51.109059429783514,57.85553869506107,5
scale_default,Epsilon_Greedy,epsilon=0.2,508,54.608849690383146,3.2825499440891623,51.326299746293984,57.89139963447231,5
scale_default,Epsilon_Greedy,epsilon=0.2,509,54.69829550747348,3.32048608860422,51.37780941886926,58.0187815960777,5
scale_default,Epsilon_Greedy,epsilon=0.2,510,54.84467492991615,3.3423316470050985,51.502343282911056,58.18700657692125,5
scale_default,Epsilon_Greedy,epsilon=0.2,511,54.966520745502876,3.374620905731722,51.59189983977115,58.3411416512346,5
scale_default,Epsilon_Greedy,epsilon=0.2,512,55.080504507402146,3.2755251568757555,51.80497935052639,58.356029664277905,5
scale_default,Epsilon_Greedy,epsilon=0.2,513,55.30114873333555,3.3239756776958442,51.97717305563971,58.62512441103139,5
scale_default,Epsilon_Greedy,epsilon=0.2,514,55.44102754653536,3.3377648746765884,52.10326267185877,58.778792421211946,5
scale_default,Epsilon_Greedy,epsilon=0.2,515,55.623492508197714,3.333172255342441,52.290320252855274,58.956664763540154,5
scale_default,Epsilon_Greedy,epsilon=0.2,516,55.82024196318048,3.3528021547872804,52.467439808393195,59.17304411796776,5
scale_default,Epsilon_Greedy,epsilon=0.2,517,55.96749768845134,3.411209740525111,52.55628794792623,59.37870742897645,5
scale_default,Epsilon_Greedy,epsilon=0.2,518,56.18222422268773,3.4349955504372005,52.74722867225053,59.61721977312493,5
scale_default,Epsilon_Greedy,epsilon=0.2,519,56.304064625483406,3.3893967395696225,52.91466788591379,59.693461365053025,5
scale_default,Epsilon_Greedy,epsilon=0.2,520,56.48900741491561,3.413800324407499,53.075207090508115,59.90280773932311,5
scale_default,Epsilon_Greedy,epsilon=0.2,521,56.61940969192623,3.4895988788805523,53.12981081304568,60.10900857080678,5
scale_default,Epsilon_Greedy,epsilon=0.2,522,56.91479079399598,3.3431481713595144,53.57164262263646,60.25793896535549,5
scale_default,Epsilon_Greedy,epsilon=0.2,523,56.97093442439657,3.303260507582366,53.6676739168142,60.27419493197893,5
scale_default,Epsilon_Greedy,epsilon=0.2,524,57.13980114003799,3.2781844451409934,53.861616694896995,60.41798558517898,5
scale_default,Epsilon_Greedy,epsilon=0.2,525,57.37313099210095,3.1338789881692564,54.23925200393169,60.507009980270205,5
scale_default,Epsilon_Greedy,epsilon=0.2,526,57.543842425912395,3.1629456568617615,54.380896769050636,60.70678808277415,5
scale_default,Epsilon_Greedy,epsilon=0.2,527,57.67410111283566,3.04928642621908,54.624814686616574,60.72338753905474,5
scale_default,Epsilon_Greedy,epsilon=0.2,528,57.846803059535105,3.074690853677541,54.77211220585757,60.92149391321264,5
scale_default,Epsilon_Greedy,epsilon=0.2,529,58.082272258042465,3.067125550077002,55.015146707965464,61.14939780811947,5
scale_default,Epsilon_Greedy,epsilon=0.2,530,58.175486169114095,3.0572123473869497,55.11827382172714,61.232698516501046,5
scale_default,Epsilon_Greedy,epsilon=0.2,531,58.332008591193585,3.1049054728242393,55.22710311836934,61.43691406401783,5
scale_default,Epsilon_Greedy,epsilon=0.2,532,58.5719367103618,3.1467377080825565,55.42519900227924,61.71867441844435,5
scale_default,Epsilon_Greedy,epsilon=0.2,533,58.70888372183508,3.206351696913225,55.502532024921855,61.9152354187483,5
scale_default,Epsilon_Greedy,epsilon=0.2,534,58.81398389004228,3.1690444961264634,55.64493939391582,61.98302838616874,5
scale_default,Epsilon_Greedy,epsilon=0.2,535,58.90612275043046,3.2116764767890587,55.694446273641404,62.11779922721952,5
scale_default,Epsilon_Greedy,epsilon=0.2,536,58.96935733821594,3.232100444477681,55.73725689373826,62.20145778269362,5
scale_default,Epsilon_Greedy,epsilon=0.2,537,59.168639026075425,3.331736968201876,55.83690205787355,62.5003759942773,5
scale_default,Epsilon_Greedy,epsilon=0.2,538,59.26186000771027,3.2228527696103235,56.03900723809994,62.484712777320595,5
scale_default,Epsilon_Greedy,epsilon=0.2,539,59.517647056468036,3.3204943219852674,56.19715273448277,62.8381413784533,5
scale_default,Epsilon_Greedy,epsilon=0.2,540,59.609354944703476,3.337886355309726,56.27146858939375,62.947241300013204,5
scale_default,Epsilon_Greedy,epsilon=0.2,541,59.761634656668306,3.410049310478635,56.35158534618967,63.17168396714694,5
scale_default,Epsilon_Greedy,epsilon=0.2,542,59.97640188818144,3.495482319445418,56.48091956873603,63.47188420762686,5
scale_default,Epsilon_Greedy,epsilon=0.2,543,60.19245020724401,3.619939950479805,56.572510256764204,63.81239015772381,5
scale_default,Epsilon_Greedy,epsilon=0.2,544,60.39409245332405,3.6614939393413035,56.732598513982744,64.05558639266535,5
scale_default,Epsilon_Greedy,epsilon=0.2,545,60.616110251765846,3.7013543121331605,56.914755939632684,64.31746456389901,5
scale_default,Epsilon_Greedy,epsilon=0.2,546,60.8188601643392,3.529852845419083,57.28900731892011,64.34871300975828,5
scale_default,Epsilon_Greedy,epsilon=0.2,547,60.96408519083242,3.5753203256160475,57.38876486521637,64.53940551644847,5
scale_default,Epsilon_Greedy,epsilon=0.2,548,61.14318046678117,3.5854864925590957,57.55769397422207,64.72866695934026,5
scale_default,Epsilon_Greedy,epsilon=0.2,549,61.4892977389476,3.6809355497855782,57.80836218916202,65.17023328873317,5
scale_default,Epsilon_Greedy,epsilon=0.2,550,61.70408692158971,3.7310958063992916,57.972991115190425,65.435182727989,5
scale_default,Epsilon_Greedy,epsilon=0.2,551,61.81690517450662,3.753080740561376,58.06382443394525,65.569985915068,5
scale_default,Epsilon_Greedy,epsilon=0.2,552,61.933333458827704,3.6570989767870734,58.27623448204063,65.59043243561477,5
scale_default,Epsilon_Greedy,epsilon=0.2,553,62.06447750271964,3.6401718142288155,58.424305688490826,65.70464931694846,5
scale_default,Epsilon_Greedy,epsilon=0.2,554,62.22215038996453,3.6528303490937417,58.56932004087079,65.87498073905827,5
scale_default,Epsilon_Greedy,epsilon=0.2,555,62.39265858057392,3.6868887409007916,58.70576983967313,66.07954732147472,5
scale_default,Epsilon_Greedy,epsilon=0.2,556,62.5269422350947,3.6908264713495624,58.83611576374514,66.21776870644426,5
scale_default,Epsilon_Greedy,epsilon=0.2,557,62.619516431708554,3.7023711706686733,58.91714526103988,66.32188760237723,5
scale_default,Epsilon_Greedy,epsilon=0.2,558,62.8371039750185,3.812942490363061,59.02416148465544,66.65004646538156,5
scale_default,Epsilon_Greedy,epsilon=0.2,559,62.91634195509255,3.7803733264503943,59.13596862864215,66.69671528154294,5
scale_default,Epsilon_Greedy,epsilon=0.2,560,63.10802747997907,3.7988767321392856,59.30915074783979,66.90690421211836,5
scale_default,Epsilon_Greedy,epsilon=0.2,561,63.3518584792457,3.9170406559880604,59.43481782325764,67.26889913523377,5
scale_default,Epsilon_Greedy,epsilon=0.2,562,63.46534630407056,3.932389979653588,59.53295632441697,67.39773628372414,5
scale_default,Epsilon_Greedy,epsilon=0.2,563,63.65759410608555,3.9473511452900736,59.710242960795476,67.60494525137563,5
scale_default,Epsilon_Greedy,epsilon=0.2,564,63.80424525432436,3.9113336665527623,59.89291158777159,67.71557892087712,5
scale_default,Epsilon_Greedy,epsilon=0.2,565,64.02797920699804,3.8021923916909675,60.225786815307075,67.830171598689,5
scale_default,Epsilon_Greedy,epsilon=0.2,566,64.15265276726845,3.857695059824366,60.294957707444084,68.01034782709282,5
scale_default,Epsilon_Greedy,epsilon=0.2,567,64.33123687062931,3.819573692981079,60.51166317764823,68.15081056361039,5
scale_default,Epsilon_Greedy,epsilon=0.2,568,64.5271092772276,3.8860714811782806,60.64103779604932,68.41318075840587,5
scale_default,Epsilon_Greedy,epsilon=0.2,569,64.71014196076818,3.819930227140931,60.890211733627254,68.53007218790911,5
scale_default,Epsilon_Greedy,epsilon=0.2,570,64.87711685306856,3.8554204069416738,61.02169644612688,68.73253726001023,5
scale_default,Epsilon_Greedy,epsilon=0.2,571,65.0146917103606,3.7188204010989017,61.29587130926169,68.73351211145949,5
scale_default,Epsilon_Greedy,epsilon=0.2,572,65.15086338233561,3.7488694399752243,61.40199394236039,68.89973282231084,5
scale_default,Epsilon_Greedy,epsilon=0.2,573,65.51146775508843,3.6556426997326157,61.855825055355815,69.16711045482104,5
scale_default,Epsilon_Greedy,epsilon=0.2,574,65.8025882565146,3.6298450767129173,62.17274317980168,69.43243333322751,5
scale_default,Epsilon_Greedy,epsilon=0.2,575,66.19070038628013,3.8491076190434104,62.34159276723672,70.03980800532354,5
scale_default,Epsilon_Greedy,epsilon=0.2,576,66.3575923163706,3.8005555162031257,62.557036800167474,70.15814783257372,5
scale_default,Epsilon_Greedy,epsilon=0.2,577,66.51616199231746,3.77302428171903,62.74313771059843,70.2891862740365,5
scale_default,Epsilon_Greedy,epsilon=0.2,578,66.69059852031668,3.781621778938639,62.90897674137805,70.47222029925533,5
scale_default,Epsilon_Greedy,epsilon=0.2,579,66.85414329803767,3.592659625961169,63.2614836720765,70.44680292399885,5
scale_default,Epsilon_Greedy,epsilon=0.2,580,66.99095975526996,3.58266365591174,63.40829609935822,70.5736234111817,5
scale_default,Epsilon_Greedy,epsilon=0.2,581,67.12433731999882,3.561660230673397,63.56267708932542,70.68599755067221,5
scale_default,Epsilon_Greedy,epsilon=0.2,582,67.24573807126839,3.5427383726473494,63.70299969862104,70.78847644391574,5
scale_default,Epsilon_Greedy,epsilon=0.2,583,67.47747607921858,3.495025225723344,63.98245085349523,70.97250130494191,5
scale_default,Epsilon_Greedy,epsilon=0.2,584,67.71925437121673,3.5572659647795253,64.1619884064372,71.27652033599627,5
scale_default,Epsilon_Greedy,epsilon=0.2,585,67.79713701463075,3.547354966334776,64.24978204829597,71.34449198096553,5
scale_default,Epsilon_Greedy,epsilon=0.2,586,67.88845939808468,3.5471835847065565,64.34127581337812,71.43564298279124,5
scale_default,Epsilon_Greedy,epsilon=0.2,587,68.09476878607093,3.6022296918128074,64.49253909425812,71.69699847788374,5
scale_default,Epsilon_Greedy,epsilon=0.2,588,68.27893167537812,3.5849068327541604,64.69402484262396,71.86383850813228,5
scale_default,Epsilon_Greedy,epsilon=0.2,589,68.44867488403277,3.62820909782997,64.8204657862028,72.07688398186274,5
scale_default,Epsilon_Greedy,epsilon=0.2,590,68.58227541754366,3.640212073776064,64.94206334376759,72.22248749131973,5
scale_default,Epsilon_Greedy,epsilon=0.2,591,68.71292222982729,3.5957883619096216,65.11713386791766,72.30871059173691,5
scale_default,Epsilon_Greedy,epsilon=0.2,592,68.9026493993209,3.6467725727712392,65.25587682654965,72.54942197209213,5
scale_default,Epsilon_Greedy,epsilon=0.2,593,69.00894351668856,3.606166026495684,65.40277749019288,72.61510954318425,5
scale_default,Epsilon_Greedy,epsilon=0.2,594,69.17739859067288,3.5895671463708654,65.58783144430201,72.76696573704375,5
scale_default,Epsilon_Greedy,epsilon=0.2,595,69.24278766281162,3.6328219024800714,65.60996576033155,72.8756095652917,5
scale_default,Epsilon_Greedy,epsilon=0.2,596,69.3683330723681,3.586498635953488,65.78183443641461,72.95483170832159,5
scale_default,Epsilon_Greedy,epsilon=0.2,597,69.52936964949438,3.5021171792006744,66.0272524702937,73.03148682869507,5
scale_default,Epsilon_Greedy,epsilon=0.2,598,69.75124914339784,3.5399109578996937,66.21133818549815,73.29116010129754,5
scale_default,Epsilon_Greedy,epsilon=0.2,599,69.86453450586667,3.5422346158700226,66.32229988999664,73.4067691217367,5
