setting,rep,policy,config_id,batch_index,cum_regret
shift,0,Epsilon_Greedy,epsilon=0.15,0,0.7803795557781151
shift,0,Epsilon_Greedy,epsilon=0.15,1,1.269343479257039
shift,0,Epsilon_Greedy,epsilon=0.15,2,1.6550939074647786
shift,0,Epsilon_Greedy,epsilon=0.15,3,2.1989785662925248
shift,0,Epsilon_Greedy,epsilon=0.15,4,2.712765313658655
shift,0,Epsilon_Greedy,epsilon=0.15,5,3.0897046395165093
shift,0,Epsilon_Greedy,epsilon=0.15,6,3.5431856392608454
shift,0,Epsilon_Greedy,epsilon=0.15,7,3.936052274458758
shift,0,Epsilon_Greedy,epsilon=0.15,8,4.6507188488064894
shift,0,Epsilon_Greedy,epsilon=0.15,9,5.288951603842997
shift,0,Epsilon_Greedy,epsilon=0.15,10,5.4772499889221224
shift,0,Epsilon_Greedy,epsilon=0.15,11,6.258796420501805
shift,0,Epsilon_Greedy,epsilon=0.15,12,6.985592723414449
shift,0,Epsilon_Greedy,epsilon=0.15,13,7.642085378169535
shift,0,Epsilon_Greedy,epsilon=0.15,14,8.159650060908913
shift,0,Epsilon_Greedy,epsilon=0.15,15,8.477039023133658
shift,0,Epsilon_Greedy,epsilon=0.15,16,8.988810013852833
shift,0,Epsilon_Greedy,epsilon=0.15,17,10.023427348586297
shift,0,Epsilon_Greedy,epsilon=0.15,18,10.1244248549133
shift,0,Epsilon_Greedy,epsilon=0.15,19,10.1244248549133
shift,0,Epsilon_Greedy,epsilon=0.15,20,24.656266918275833
shift,0,Epsilon_Greedy,epsilon=0.15,21,33.726679002888346
shift,0,Epsilon_Greedy,epsilon=0.15,22,41.022387124436335
shift,0,Epsilon_Greedy,epsilon=0.15,23,51.10452498310303
shift,0,Epsilon_Greedy,epsilon=0.15,24,59.62188379731094
shift,0,Epsilon_Greedy,epsilon=0.15,25,75.97034241928145
shift,0,Epsilon_Greedy,epsilon=0.15,26,89.98220678457467
shift,0,Epsilon_Greedy,epsilon=0.15,27,98.31248481889168
shift,0,Epsilon_Greedy,epsilon=0.15,28,105.80384191429617
shift,0,Epsilon_Greedy,epsilon=0.15,29,115.01951269900783
shift,0,Epsilon_Greedy,epsilon=0.15,30,127.13606374107334
shift,0,Epsilon_Greedy,epsilon=0.15,31,135.46811754663625
shift,0,Epsilon_Greedy,epsilon=0.15,32,135.46811754663625
shift,0,Epsilon_Greedy,epsilon=0.15,33,151.11199942535947
shift,0,Epsilon_Greedy,epsilon=0.15,34,159.79076053403787
shift,0,Epsilon_Greedy,epsilon=0.15,35,166.70269541789872
shift,0,Epsilon_Greedy,epsilon=0.15,36,174.07362727359387
shift,0,Epsilon_Greedy,epsilon=0.15,37,181.45025612842062
shift,0,Epsilon_Greedy,epsilon=0.15,38,197.60159676055264
shift,0,Epsilon_Greedy,epsilon=0.15,39,212.42476772308066
shift,0,Epsilon_Greedy,epsilon=0.15,40,225.79781690490012
shift,0,Epsilon_Greedy,epsilon=0.15,41,225.79781690490012
shift,0,Epsilon_Greedy,epsilon=0.15,42,225.79781690490012
shift,0,Epsilon_Greedy,epsilon=0.15,43,225.79781690490012
shift,0,Epsilon_Greedy,epsilon=0.15,44,225.79781690490012
shift,0,Epsilon_Greedy,epsilon=0.15,45,225.79781690490012
shift,0,Epsilon_Greedy,epsilon=0.15,46,236.72098338617846
shift,0,Epsilon_Greedy,epsilon=0.15,47,236.72098338617846
shift,0,Epsilon_Greedy,epsilon=0.15,48,236.72098338617846
shift,0,Epsilon_Greedy,epsilon=0.15,49,247.20376991468456
shift,0,Epsilon_Greedy,epsilon=0.15,50,249.31945224521908
shift,0,Epsilon_Greedy,epsilon=0.15,51,249.31945224521908
shift,0,Epsilon_Greedy,epsilon=0.15,52,249.31945224521908
shift,0,Epsilon_Greedy,epsilon=0.15,53,249.31945224521908
shift,0,Epsilon_Greedy,epsilon=0.15,54,249.31945224521908
shift,0,Epsilon_Greedy,epsilon=0.15,55,249.31945224521908
shift,0,Epsilon_Greedy,epsilon=0.15,56,249.31945224521908
shift,0,Epsilon_Greedy,epsilon=0.15,57,249.31945224521908
shift,0,Epsilon_Greedy,epsilon=0.15,58,249.31945224521908
shift,0,Epsilon_Greedy,epsilon=0.15,59,249.31945224521908
shift,0,Epsilon_Greedy,epsilon=0.15,60,249.31945224521908
shift,0,Epsilon_Greedy,epsilon=0.15,61,249.31945224521908
shift,0,Epsilon_Greedy,epsilon=0.15,62,249.31945224521908
shift,0,Epsilon_Greedy,epsilon=0.15,63,249.31945224521908
shift,0,Epsilon_Greedy,epsilon=0.15,64,250.34562005702114
shift,0,Epsilon_Greedy,epsilon=0.15,65,250.34562005702114
shift,0,Epsilon_Greedy,epsilon=0.15,66,254.0866887332144
shift,0,Epsilon_Greedy,epsilon=0.15,67,263.69833951321897
shift,0,Epsilon_Greedy,epsilon=0.15,68,269.16571151552006
shift,0,Epsilon_Greedy,epsilon=0.15,69,269.16571151552006
shift,0,Epsilon_Greedy,epsilon=0.15,70,269.16571151552006
shift,0,Epsilon_Greedy,epsilon=0.15,71,269.16571151552006
shift,0,Epsilon_Greedy,epsilon=0.15,72,269.16571151552006
shift,0,Epsilon_Greedy,epsilon=0.15,73,269.16571151552006
shift,0,Epsilon_Greedy,epsilon=0.15,74,269.16571151552006
shift,0,Epsilon_Greedy,epsilon=0.15,75,269.16571151552006
shift,0,Epsilon_Greedy,epsilon=0.15,76,269.16571151552006
shift,0,Epsilon_Greedy,epsilon=0.15,77,269.16571151552006
shift,0,Epsilon_Greedy,epsilon=0.15,78,269.16571151552006
shift,0,Epsilon_Greedy,epsilon=0.15,79,269.16571151552006
shift,0,Epsilon_Greedy,epsilon=0.15,80,275.21743293134523
shift,0,Epsilon_Greedy,epsilon=0.15,81,280.7934277822142
shift,0,Epsilon_Greedy,epsilon=0.15,82,285.42521048597393
shift,0,Epsilon_Greedy,epsilon=0.15,83,290.7137667505886
shift,0,Epsilon_Greedy,epsilon=0.15,84,296.474184874353
shift,0,Epsilon_Greedy,epsilon=0.15,85,302.8349301096394
shift,0,Epsilon_Greedy,epsilon=0.15,86,310.3321109460746
shift,0,Epsilon_Greedy,epsilon=0.15,87,315.97847888969443
shift,0,Epsilon_Greedy,epsilon=0.15,88,315.97847888969443
shift,0,Epsilon_Greedy,epsilon=0.15,89,316.4950001171753
shift,0,Epsilon_Greedy,epsilon=0.15,90,316.72320002427983
shift,0,Epsilon_Greedy,epsilon=0.15,91,316.9388864562884
shift,0,Epsilon_Greedy,epsilon=0.15,92,317.1003064988285
shift,0,Epsilon_Greedy,epsilon=0.15,93,317.32329671097153
shift,0,Epsilon_Greedy,epsilon=0.15,94,317.7329301994007
shift,0,Epsilon_Greedy,epsilon=0.15,95,317.82410695044746
shift,0,Epsilon_Greedy,epsilon=0.15,96,320.1379174172111
shift,0,Epsilon_Greedy,epsilon=0.15,97,320.3564963958231
shift,0,Epsilon_Greedy,epsilon=0.15,98,320.54415761790654
shift,0,Epsilon_Greedy,epsilon=0.15,99,320.64878500332765
shift,0,Epsilon_Greedy,epsilon=0.2,0,7.5501255861716094
shift,0,Epsilon_Greedy,epsilon=0.2,1,14.364135196195392
shift,0,Epsilon_Greedy,epsilon=0.2,2,18.71015945109449
shift,0,Epsilon_Greedy,epsilon=0.2,3,23.659605673598264
shift,0,Epsilon_Greedy,epsilon=0.2,4,30.372076277263595
shift,0,Epsilon_Greedy,epsilon=0.2,5,36.78689564867003
shift,0,Epsilon_Greedy,epsilon=0.2,6,41.322163743803934
shift,0,Epsilon_Greedy,epsilon=0.2,7,47.380503654171335
shift,0,Epsilon_Greedy,epsilon=0.2,8,53.63384628390361
shift,0,Epsilon_Greedy,epsilon=0.2,9,58.43068833535607
shift,0,Epsilon_Greedy,epsilon=0.2,10,65.12096248390114
shift,0,Epsilon_Greedy,epsilon=0.2,11,71.98505537426739
shift,0,Epsilon_Greedy,epsilon=0.2,12,77.02766323816454
shift,0,Epsilon_Greedy,epsilon=0.2,13,82.99392100318093
shift,0,Epsilon_Greedy,epsilon=0.2,14,88.29375807343465
shift,0,Epsilon_Greedy,epsilon=0.2,15,94.57422518477934
shift,0,Epsilon_Greedy,epsilon=0.2,16,100.61489519512027
shift,0,Epsilon_Greedy,epsilon=0.2,17,105.49200468619647
shift,0,Epsilon_Greedy,epsilon=0.2,18,110.54855598409895
shift,0,Epsilon_Greedy,epsilon=0.2,19,117.49333526294096
shift,0,Epsilon_Greedy,epsilon=0.2,20,131.58671315885113
shift,0,Epsilon_Greedy,epsilon=0.2,21,131.58671315885113
shift,0,Epsilon_Greedy,epsilon=0.2,22,131.58671315885113
shift,0,Epsilon_Greedy,epsilon=0.2,23,131.58671315885113
shift,0,Epsilon_Greedy,epsilon=0.2,24,131.58671315885113
shift,0,Epsilon_Greedy,epsilon=0.2,25,131.58671315885113
shift,0,Epsilon_Greedy,epsilon=0.2,26,131.58671315885113
shift,0,Epsilon_Greedy,epsilon=0.2,27,131.58671315885113
shift,0,Epsilon_Greedy,epsilon=0.2,28,131.58671315885113
shift,0,Epsilon_Greedy,epsilon=0.2,29,131.58671315885113
shift,0,Epsilon_Greedy,epsilon=0.2,30,131.58671315885113
shift,0,Epsilon_Greedy,epsilon=0.2,31,131.58671315885113
shift,0,Epsilon_Greedy,epsilon=0.2,32,131.58671315885113
shift,0,Epsilon_Greedy,epsilon=0.2,33,131.58671315885113
shift,0,Epsilon_Greedy,epsilon=0.2,34,131.58671315885113
shift,0,Epsilon_Greedy,epsilon=0.2,35,132.61019136914547
shift,0,Epsilon_Greedy,epsilon=0.2,36,132.61019136914547
shift,0,Epsilon_Greedy,epsilon=0.2,37,132.61019136914547
shift,0,Epsilon_Greedy,epsilon=0.2,38,132.61019136914547
shift,0,Epsilon_Greedy,epsilon=0.2,39,132.61019136914547
shift,0,Epsilon_Greedy,epsilon=0.2,40,145.68567076274104
shift,0,Epsilon_Greedy,epsilon=0.2,41,145.68567076274104
shift,0,Epsilon_Greedy,epsilon=0.2,42,145.68567076274104
shift,0,Epsilon_Greedy,epsilon=0.2,43,145.68567076274104
shift,0,Epsilon_Greedy,epsilon=0.2,44,145.68567076274104
shift,0,Epsilon_Greedy,epsilon=0.2,45,145.68567076274104
shift,0,Epsilon_Greedy,epsilon=0.2,46,145.68567076274104
shift,0,Epsilon_Greedy,epsilon=0.2,47,145.68567076274104
shift,0,Epsilon_Greedy,epsilon=0.2,48,145.68567076274104
shift,0,Epsilon_Greedy,epsilon=0.2,49,145.68567076274104
shift,0,Epsilon_Greedy,epsilon=0.2,50,145.68567076274104
shift,0,Epsilon_Greedy,epsilon=0.2,51,145.68567076274104
shift,0,Epsilon_Greedy,epsilon=0.2,52,145.68567076274104
shift,0,Epsilon_Greedy,epsilon=0.2,53,145.68567076274104
shift,0,Epsilon_Greedy,epsilon=0.2,54,145.68567076274104
shift,0,Epsilon_Greedy,epsilon=0.2,55,145.68567076274104
shift,0,Epsilon_Greedy,epsilon=0.2,56,145.68567076274104
shift,0,Epsilon_Greedy,epsilon=0.2,57,145.68567076274104
shift,0,Epsilon_Greedy,epsilon=0.2,58,145.68567076274104
shift,0,Epsilon_Greedy,epsilon=0.2,59,145.68567076274104
shift,0,Epsilon_Greedy,epsilon=0.2,60,158.09764155646175
shift,0,Epsilon_Greedy,epsilon=0.2,61,158.09764155646175
shift,0,Epsilon_Greedy,epsilon=0.2,62,158.09764155646175
shift,0,Epsilon_Greedy,epsilon=0.2,63,158.09764155646175
shift,0,Epsilon_Greedy,epsilon=0.2,64,166.77421282675104
shift,0,Epsilon_Greedy,epsilon=0.2,65,166.77421282675104
shift,0,Epsilon_Greedy,epsilon=0.2,66,166.77421282675104
shift,0,Epsilon_Greedy,epsilon=0.2,67,177.9240372486057
shift,0,Epsilon_Greedy,epsilon=0.2,68,177.9240372486057
shift,0,Epsilon_Greedy,epsilon=0.2,69,184.27005111652838
shift,0,Epsilon_Greedy,epsilon=0.2,70,190.6942335674199
shift,0,Epsilon_Greedy,epsilon=0.2,71,190.6942335674199
shift,0,Epsilon_Greedy,epsilon=0.2,72,202.3491194457273
shift,0,Epsilon_Greedy,epsilon=0.2,73,202.3491194457273
shift,0,Epsilon_Greedy,epsilon=0.2,74,202.3491194457273
shift,0,Epsilon_Greedy,epsilon=0.2,75,202.3491194457273
shift,0,Epsilon_Greedy,epsilon=0.2,76,202.3491194457273
shift,0,Epsilon_Greedy,epsilon=0.2,77,202.3491194457273
shift,0,Epsilon_Greedy,epsilon=0.2,78,202.3491194457273
shift,0,Epsilon_Greedy,epsilon=0.2,79,202.3491194457273
shift,0,Epsilon_Greedy,epsilon=0.2,80,208.40084086155247
shift,0,Epsilon_Greedy,epsilon=0.2,81,213.97683571242146
shift,0,Epsilon_Greedy,epsilon=0.2,82,218.60861841618117
shift,0,Epsilon_Greedy,epsilon=0.2,83,218.97425259399057
shift,0,Epsilon_Greedy,epsilon=0.2,84,219.82086749854142
shift,0,Epsilon_Greedy,epsilon=0.2,85,220.61897448769355
shift,0,Epsilon_Greedy,epsilon=0.2,86,221.32266212430818
shift,0,Epsilon_Greedy,epsilon=0.2,87,222.00752920495293
shift,0,Epsilon_Greedy,epsilon=0.2,88,222.74759199200653
shift,0,Epsilon_Greedy,epsilon=0.2,89,223.55338249403778
shift,0,Epsilon_Greedy,epsilon=0.2,90,223.9425057734081
shift,0,Epsilon_Greedy,epsilon=0.2,91,224.69838433054204
shift,0,Epsilon_Greedy,epsilon=0.2,92,224.8338832887005
shift,0,Epsilon_Greedy,epsilon=0.2,93,225.3713517054529
shift,0,Epsilon_Greedy,epsilon=0.2,94,226.11460453461956
shift,0,Epsilon_Greedy,epsilon=0.2,95,226.58173011784055
shift,0,Epsilon_Greedy,epsilon=0.2,96,227.00537762777043
shift,0,Epsilon_Greedy,epsilon=0.2,97,227.7934714909458
shift,0,Epsilon_Greedy,epsilon=0.2,98,228.49751441640228
shift,0,Epsilon_Greedy,epsilon=0.2,99,229.0481475678559
shift,1,Epsilon_Greedy,epsilon=0.15,0,7.163612899373399
shift,1,Epsilon_Greedy,epsilon=0.15,1,12.6661365574765
shift,1,Epsilon_Greedy,epsilon=0.15,2,18.06377293867299
shift,1,Epsilon_Greedy,epsilon=0.15,3,25.059190197736534
shift,1,Epsilon_Greedy,epsilon=0.15,4,32.031656686082925
shift,1,Epsilon_Greedy,epsilon=0.15,5,38.87489979675034
shift,1,Epsilon_Greedy,epsilon=0.15,6,46.797762677529555
shift,1,Epsilon_Greedy,epsilon=0.15,7,54.341441059580234
shift,1,Epsilon_Greedy,epsilon=0.15,8,60.32215288036531
shift,1,Epsilon_Greedy,epsilon=0.15,9,65.1024499424548
shift,1,Epsilon_Greedy,epsilon=0.15,10,72.46607282184527
shift,1,Epsilon_Greedy,epsilon=0.15,11,78.3601091281278
shift,1,Epsilon_Greedy,epsilon=0.15,12,87.10773222696224
shift,1,Epsilon_Greedy,epsilon=0.15,13,92.8919697457419
shift,1,Epsilon_Greedy,epsilon=0.15,14,96.59706959287308
shift,1,Epsilon_Greedy,epsilon=0.15,15,102.82625518713603
shift,1,Epsilon_Greedy,epsilon=0.15,16,107.44710630835509
shift,1,Epsilon_Greedy,epsilon=0.15,17,113.13235540593635
shift,1,Epsilon_Greedy,epsilon=0.15,18,119.10238698053737
shift,1,Epsilon_Greedy,epsilon=0.15,19,125.62499737591689
shift,1,Epsilon_Greedy,epsilon=0.15,20,125.62499737591689
shift,1,Epsilon_Greedy,epsilon=0.15,21,125.62499737591689
shift,1,Epsilon_Greedy,epsilon=0.15,22,125.62499737591689
shift,1,Epsilon_Greedy,epsilon=0.15,23,125.62499737591689
shift,1,Epsilon_Greedy,epsilon=0.15,24,135.851696965563
shift,1,Epsilon_Greedy,epsilon=0.15,25,135.851696965563
shift,1,Epsilon_Greedy,epsilon=0.15,26,135.851696965563
shift,1,Epsilon_Greedy,epsilon=0.15,27,135.851696965563
shift,1,Epsilon_Greedy,epsilon=0.15,28,135.851696965563
shift,1,Epsilon_Greedy,epsilon=0.15,29,135.851696965563
shift,1,Epsilon_Greedy,epsilon=0.15,30,135.851696965563
shift,1,Epsilon_Greedy,epsilon=0.15,31,135.851696965563
shift,1,Epsilon_Greedy,epsilon=0.15,32,135.851696965563
shift,1,Epsilon_Greedy,epsilon=0.15,33,135.851696965563
shift,1,Epsilon_Greedy,epsilon=0.15,34,135.851696965563
shift,1,Epsilon_Greedy,epsilon=0.15,35,135.851696965563
shift,1,Epsilon_Greedy,epsilon=0.15,36,135.851696965563
shift,1,Epsilon_Greedy,epsilon=0.15,37,144.55426786758926
shift,1,Epsilon_Greedy,epsilon=0.15,38,144.55426786758926
shift,1,Epsilon_Greedy,epsilon=0.15,39,144.55426786758926
shift,1,Epsilon_Greedy,epsilon=0.15,40,144.55426786758926
shift,1,Epsilon_Greedy,epsilon=0.15,41,152.2832996230812
shift,1,Epsilon_Greedy,epsilon=0.15,42,152.2832996230812
shift,1,Epsilon_Greedy,epsilon=0.15,43,152.2832996230812
shift,1,Epsilon_Greedy,epsilon=0.15,44,159.1943706146977
shift,1,Epsilon_Greedy,epsilon=0.15,45,159.1943706146977
shift,1,Epsilon_Greedy,epsilon=0.15,46,159.1943706146977
shift,1,Epsilon_Greedy,epsilon=0.15,47,159.1943706146977
shift,1,Epsilon_Greedy,epsilon=0.15,48,159.1943706146977
shift,1,Epsilon_Greedy,epsilon=0.15,49,159.1943706146977
shift,1,Epsilon_Greedy,epsilon=0.15,50,159.1943706146977
shift,1,Epsilon_Greedy,epsilon=0.15,51,159.1943706146977
shift,1,Epsilon_Greedy,epsilon=0.15,52,159.1943706146977
shift,1,Epsilon_Greedy,epsilon=0.15,53,159.1943706146977
shift,1,Epsilon_Greedy,epsilon=0.15,54,165.72322035632925
shift,1,Epsilon_Greedy,epsilon=0.15,55,165.72322035632925
shift,1,Epsilon_Greedy,epsilon=0.15,56,165.72322035632925
shift,1,Epsilon_Greedy,epsilon=0.15,57,165.72322035632925
shift,1,Epsilon_Greedy,epsilon=0.15,58,167.69209537039595
shift,1,Epsilon_Greedy,epsilon=0.15,59,168.65335757383886
shift,1,Epsilon_Greedy,epsilon=0.15,60,171.0925010132549
shift,1,Epsilon_Greedy,epsilon=0.15,61,171.0925010132549
shift,1,Epsilon_Greedy,epsilon=0.15,62,171.0925010132549
shift,1,Epsilon_Greedy,epsilon=0.15,63,171.0925010132549
shift,1,Epsilon_Greedy,epsilon=0.15,64,171.0925010132549
shift,1,Epsilon_Greedy,epsilon=0.15,65,171.0925010132549
shift,1,Epsilon_Greedy,epsilon=0.15,66,171.0925010132549
shift,1,Epsilon_Greedy,epsilon=0.15,67,171.0925010132549
shift,1,Epsilon_Greedy,epsilon=0.15,68,171.0925010132549
shift,1,Epsilon_Greedy,epsilon=0.15,69,171.0925010132549
shift,1,Epsilon_Greedy,epsilon=0.15,70,172.88829659225914
shift,1,Epsilon_Greedy,epsilon=0.15,71,172.88829659225914
shift,1,Epsilon_Greedy,epsilon=0.15,72,172.88829659225914
shift,1,Epsilon_Greedy,epsilon=0.15,73,172.88829659225914
shift,1,Epsilon_Greedy,epsilon=0.15,74,172.88829659225914
shift,1,Epsilon_Greedy,epsilon=0.15,75,175.43314544037125
shift,1,Epsilon_Greedy,epsilon=0.15,76,183.2220777043451
shift,1,Epsilon_Greedy,epsilon=0.15,77,183.2220777043451
shift,1,Epsilon_Greedy,epsilon=0.15,78,183.2220777043451
shift,1,Epsilon_Greedy,epsilon=0.15,79,183.2220777043451
shift,1,Epsilon_Greedy,epsilon=0.15,80,187.89970172216368
shift,1,Epsilon_Greedy,epsilon=0.15,81,194.27845464038302
shift,1,Epsilon_Greedy,epsilon=0.15,82,194.35074047628376
shift,1,Epsilon_Greedy,epsilon=0.15,83,200.73834872135814
shift,1,Epsilon_Greedy,epsilon=0.15,84,207.39981042603154
shift,1,Epsilon_Greedy,epsilon=0.15,85,213.06031717688117
shift,1,Epsilon_Greedy,epsilon=0.15,86,219.89918577110177
shift,1,Epsilon_Greedy,epsilon=0.15,87,225.20572063797107
shift,1,Epsilon_Greedy,epsilon=0.15,88,229.7264643394438
shift,1,Epsilon_Greedy,epsilon=0.15,89,236.7302009478397
shift,1,Epsilon_Greedy,epsilon=0.15,90,236.78712024561426
shift,1,Epsilon_Greedy,epsilon=0.15,91,236.7957925232945
shift,1,Epsilon_Greedy,epsilon=0.15,92,236.8189165596842
shift,1,Epsilon_Greedy,epsilon=0.15,93,236.8189165596842
shift,1,Epsilon_Greedy,epsilon=0.15,94,236.8189165596842
shift,1,Epsilon_Greedy,epsilon=0.15,95,237.02135877754841
shift,1,Epsilon_Greedy,epsilon=0.15,96,237.3025388138035
shift,1,Epsilon_Greedy,epsilon=0.15,97,238.22392847289888
shift,1,Epsilon_Greedy,epsilon=0.15,98,238.31916444204285
shift,1,Epsilon_Greedy,epsilon=0.15,99,238.47129881065268
shift,1,Epsilon_Greedy,epsilon=0.2,0,7.163612899373399
shift,1,Epsilon_Greedy,epsilon=0.2,1,12.6661365574765
shift,1,Epsilon_Greedy,epsilon=0.2,2,12.711185543370975
shift,1,Epsilon_Greedy,epsilon=0.2,3,12.837647665691119
shift,1,Epsilon_Greedy,epsilon=0.2,4,12.888918970761315
shift,1,Epsilon_Greedy,epsilon=0.2,5,13.125553642019911
shift,1,Epsilon_Greedy,epsilon=0.2,6,13.521194011289433
shift,1,Epsilon_Greedy,epsilon=0.2,7,13.635263547968473
shift,1,Epsilon_Greedy,epsilon=0.2,8,13.76198161702503
shift,1,Epsilon_Greedy,epsilon=0.2,9,13.875684560114784
shift,1,Epsilon_Greedy,epsilon=0.2,10,13.994785170130037
shift,1,Epsilon_Greedy,epsilon=0.2,11,14.175780276466295
shift,1,Epsilon_Greedy,epsilon=0.2,12,22.923403375300737
shift,1,Epsilon_Greedy,epsilon=0.2,13,23.19752659124284
shift,1,Epsilon_Greedy,epsilon=0.2,14,23.311798451740035
shift,1,Epsilon_Greedy,epsilon=0.2,15,23.381094958423194
shift,1,Epsilon_Greedy,epsilon=0.2,16,23.386633571138656
shift,1,Epsilon_Greedy,epsilon=0.2,17,23.386633571138656
shift,1,Epsilon_Greedy,epsilon=0.2,18,23.386633571138656
shift,1,Epsilon_Greedy,epsilon=0.2,19,23.464192189829554
shift,1,Epsilon_Greedy,epsilon=0.2,20,25.177024831330286
shift,1,Epsilon_Greedy,epsilon=0.2,21,31.777266373387263
shift,1,Epsilon_Greedy,epsilon=0.2,22,39.587495102372
shift,1,Epsilon_Greedy,epsilon=0.2,23,49.11622738405455
shift,1,Epsilon_Greedy,epsilon=0.2,24,60.64919384604154
shift,1,Epsilon_Greedy,epsilon=0.2,25,72.21650297406083
shift,1,Epsilon_Greedy,epsilon=0.2,26,89.55912601193678
shift,1,Epsilon_Greedy,epsilon=0.2,27,100.34601008979472
shift,1,Epsilon_Greedy,epsilon=0.2,28,106.69230723725354
shift,1,Epsilon_Greedy,epsilon=0.2,29,111.84934576685234
shift,1,Epsilon_Greedy,epsilon=0.2,30,121.36674539778579
shift,1,Epsilon_Greedy,epsilon=0.2,31,129.58544657019453
shift,1,Epsilon_Greedy,epsilon=0.2,32,129.58544657019453
shift,1,Epsilon_Greedy,epsilon=0.2,33,137.94436391163484
shift,1,Epsilon_Greedy,epsilon=0.2,34,150.31954371022374
shift,1,Epsilon_Greedy,epsilon=0.2,35,156.70879988060736
shift,1,Epsilon_Greedy,epsilon=0.2,36,166.28836550124578
shift,1,Epsilon_Greedy,epsilon=0.2,37,176.24315473688483
shift,1,Epsilon_Greedy,epsilon=0.2,38,176.24315473688483
shift,1,Epsilon_Greedy,epsilon=0.2,39,191.78170381277795
shift,1,Epsilon_Greedy,epsilon=0.2,40,191.78170381277795
shift,1,Epsilon_Greedy,epsilon=0.2,41,199.5107355682699
shift,1,Epsilon_Greedy,epsilon=0.2,42,199.5107355682699
shift,1,Epsilon_Greedy,epsilon=0.2,43,199.5107355682699
shift,1,Epsilon_Greedy,epsilon=0.2,44,199.5107355682699
shift,1,Epsilon_Greedy,epsilon=0.2,45,199.5107355682699
shift,1,Epsilon_Greedy,epsilon=0.2,46,199.5107355682699
shift,1,Epsilon_Greedy,epsilon=0.2,47,199.5107355682699
shift,1,Epsilon_Greedy,epsilon=0.2,48,200.84718355400437
shift,1,Epsilon_Greedy,epsilon=0.2,49,200.84718355400437
shift,1,Epsilon_Greedy,epsilon=0.2,50,204.1315934787825
shift,1,Epsilon_Greedy,epsilon=0.2,51,204.1315934787825
shift,1,Epsilon_Greedy,epsilon=0.2,52,204.1315934787825
shift,1,Epsilon_Greedy,epsilon=0.2,53,204.1315934787825
shift,1,Epsilon_Greedy,epsilon=0.2,54,204.1315934787825
shift,1,Epsilon_Greedy,epsilon=0.2,55,204.1315934787825
shift,1,Epsilon_Greedy,epsilon=0.2,56,204.1315934787825
shift,1,Epsilon_Greedy,epsilon=0.2,57,214.2157564721034
shift,1,Epsilon_Greedy,epsilon=0.2,58,214.2157564721034
shift,1,Epsilon_Greedy,epsilon=0.2,59,214.2157564721034
shift,1,Epsilon_Greedy,epsilon=0.2,60,214.2157564721034
shift,1,Epsilon_Greedy,epsilon=0.2,61,214.2157564721034
shift,1,Epsilon_Greedy,epsilon=0.2,62,222.93681827566195
shift,1,Epsilon_Greedy,epsilon=0.2,63,222.93681827566195
shift,1,Epsilon_Greedy,epsilon=0.2,64,222.93681827566195
shift,1,Epsilon_Greedy,epsilon=0.2,65,222.93681827566195
shift,1,Epsilon_Greedy,epsilon=0.2,66,241.696875281337
shift,1,Epsilon_Greedy,epsilon=0.2,67,241.696875281337
shift,1,Epsilon_Greedy,epsilon=0.2,68,241.696875281337
shift,1,Epsilon_Greedy,epsilon=0.2,69,241.696875281337
shift,1,Epsilon_Greedy,epsilon=0.2,70,253.01112137173251
shift,1,Epsilon_Greedy,epsilon=0.2,71,260.3265806824264
shift,1,Epsilon_Greedy,epsilon=0.2,72,260.3265806824264
shift,1,Epsilon_Greedy,epsilon=0.2,73,260.3265806824264
shift,1,Epsilon_Greedy,epsilon=0.2,74,260.3265806824264
shift,1,Epsilon_Greedy,epsilon=0.2,75,261.42254545880417
shift,1,Epsilon_Greedy,epsilon=0.2,76,261.42254545880417
shift,1,Epsilon_Greedy,epsilon=0.2,77,261.42254545880417
shift,1,Epsilon_Greedy,epsilon=0.2,78,261.42254545880417
shift,1,Epsilon_Greedy,epsilon=0.2,79,274.298950539912
shift,1,Epsilon_Greedy,epsilon=0.2,80,278.9765745577306
shift,1,Epsilon_Greedy,epsilon=0.2,81,285.35532747594993
shift,1,Epsilon_Greedy,epsilon=0.2,82,291.00826813542824
shift,1,Epsilon_Greedy,epsilon=0.2,83,297.3958763805026
shift,1,Epsilon_Greedy,epsilon=0.2,84,297.6535079292703
shift,1,Epsilon_Greedy,epsilon=0.2,85,303.3140146801199
shift,1,Epsilon_Greedy,epsilon=0.2,86,303.5426201405353
shift,1,Epsilon_Greedy,epsilon=0.2,87,308.8491550074046
shift,1,Epsilon_Greedy,epsilon=0.2,88,313.3698987088773
shift,1,Epsilon_Greedy,epsilon=0.2,89,318.1539144822967
shift,1,Epsilon_Greedy,epsilon=0.2,90,318.2108337800713
shift,1,Epsilon_Greedy,epsilon=0.2,91,318.2108337800713
shift,1,Epsilon_Greedy,epsilon=0.2,92,326.66976192955167
shift,1,Epsilon_Greedy,epsilon=0.2,93,327.4120475336353
shift,1,Epsilon_Greedy,epsilon=0.2,94,328.0867815610742
shift,1,Epsilon_Greedy,epsilon=0.2,95,328.77894457674023
shift,1,Epsilon_Greedy,epsilon=0.2,96,329.18980791518703
shift,1,Epsilon_Greedy,epsilon=0.2,97,330.1111975742824
shift,1,Epsilon_Greedy,epsilon=0.2,98,331.17124761288903
shift,1,Epsilon_Greedy,epsilon=0.2,99,331.92625892434324
shift,2,Epsilon_Greedy,epsilon=0.15,0,7.232585627761223
shift,2,Epsilon_Greedy,epsilon=0.15,1,7.26488353254236
shift,2,Epsilon_Greedy,epsilon=0.15,2,7.26488353254236
shift,2,Epsilon_Greedy,epsilon=0.15,3,7.588208086118415
shift,2,Epsilon_Greedy,epsilon=0.15,4,7.588208086118415
shift,2,Epsilon_Greedy,epsilon=0.15,5,7.731351875277738
shift,2,Epsilon_Greedy,epsilon=0.15,6,8.007426747170914
shift,2,Epsilon_Greedy,epsilon=0.15,7,10.619553544280432
shift,2,Epsilon_Greedy,epsilon=0.15,8,10.86784823217463
shift,2,Epsilon_Greedy,epsilon=0.15,9,10.872883419593432
shift,2,Epsilon_Greedy,epsilon=0.15,10,10.944649315451219
shift,2,Epsilon_Greedy,epsilon=0.15,11,11.020545450484382
shift,2,Epsilon_Greedy,epsilon=0.15,12,11.020545450484382
shift,2,Epsilon_Greedy,epsilon=0.15,13,11.115214269506367
shift,2,Epsilon_Greedy,epsilon=0.15,14,11.284342396570993
shift,2,Epsilon_Greedy,epsilon=0.15,15,11.485063684924706
shift,2,Epsilon_Greedy,epsilon=0.15,16,11.699379777131409
shift,2,Epsilon_Greedy,epsilon=0.15,17,11.783539289482858
shift,2,Epsilon_Greedy,epsilon=0.15,18,12.294016914603922
shift,2,Epsilon_Greedy,epsilon=0.15,19,12.349789379296567
shift,2,Epsilon_Greedy,epsilon=0.15,20,21.395568857262695
shift,2,Epsilon_Greedy,epsilon=0.15,21,32.845907839120066
shift,2,Epsilon_Greedy,epsilon=0.15,22,39.973147120748465
shift,2,Epsilon_Greedy,epsilon=0.15,23,49.521173734435244
shift,2,Epsilon_Greedy,epsilon=0.15,24,53.52805661292865
shift,2,Epsilon_Greedy,epsilon=0.15,25,69.25579789906531
shift,2,Epsilon_Greedy,epsilon=0.15,26,72.61279372085409
shift,2,Epsilon_Greedy,epsilon=0.15,27,82.77376218536409
shift,2,Epsilon_Greedy,epsilon=0.15,28,89.62633379246579
shift,2,Epsilon_Greedy,epsilon=0.15,29,93.54342898015109
shift,2,Epsilon_Greedy,epsilon=0.15,30,103.95075001450154
shift,2,Epsilon_Greedy,epsilon=0.15,31,115.65912955962415
shift,2,Epsilon_Greedy,epsilon=0.15,32,130.50310297860048
shift,2,Epsilon_Greedy,epsilon=0.15,33,145.28927785506403
shift,2,Epsilon_Greedy,epsilon=0.15,34,145.28927785506403
shift,2,Epsilon_Greedy,epsilon=0.15,35,152.26897501382348
shift,2,Epsilon_Greedy,epsilon=0.15,36,163.61946068963627
shift,2,Epsilon_Greedy,epsilon=0.15,37,165.27304792099665
shift,2,Epsilon_Greedy,epsilon=0.15,38,168.23473173556346
shift,2,Epsilon_Greedy,epsilon=0.15,39,184.4523752006586
shift,2,Epsilon_Greedy,epsilon=0.15,40,184.4523752006586
shift,2,Epsilon_Greedy,epsilon=0.15,41,184.4523752006586
shift,2,Epsilon_Greedy,epsilon=0.15,42,184.4523752006586
shift,2,Epsilon_Greedy,epsilon=0.15,43,184.4523752006586
shift,2,Epsilon_Greedy,epsilon=0.15,44,184.4523752006586
shift,2,Epsilon_Greedy,epsilon=0.15,45,184.4523752006586
shift,2,Epsilon_Greedy,epsilon=0.15,46,184.4523752006586
shift,2,Epsilon_Greedy,epsilon=0.15,47,184.4523752006586
shift,2,Epsilon_Greedy,epsilon=0.15,48,184.4523752006586
shift,2,Epsilon_Greedy,epsilon=0.15,49,184.4523752006586
shift,2,Epsilon_Greedy,epsilon=0.15,50,184.4523752006586
shift,2,Epsilon_Greedy,epsilon=0.15,51,184.4523752006586
shift,2,Epsilon_Greedy,epsilon=0.15,52,184.4523752006586
shift,2,Epsilon_Greedy,epsilon=0.15,53,184.4523752006586
shift,2,Epsilon_Greedy,epsilon=0.15,54,184.4523752006586
shift,2,Epsilon_Greedy,epsilon=0.15,55,184.4523752006586
shift,2,Epsilon_Greedy,epsilon=0.15,56,184.4523752006586
shift,2,Epsilon_Greedy,epsilon=0.15,57,184.4523752006586
shift,2,Epsilon_Greedy,epsilon=0.15,58,184.4523752006586
shift,2,Epsilon_Greedy,epsilon=0.15,59,184.4523752006586
shift,2,Epsilon_Greedy,epsilon=0.15,60,184.4523752006586
shift,2,Epsilon_Greedy,epsilon=0.15,61,184.4523752006586
shift,2,Epsilon_Greedy,epsilon=0.15,62,190.33928278963185
shift,2,Epsilon_Greedy,epsilon=0.15,63,190.33928278963185
shift,2,Epsilon_Greedy,epsilon=0.15,64,190.33928278963185
shift,2,Epsilon_Greedy,epsilon=0.15,65,190.33928278963185
shift,2,Epsilon_Greedy,epsilon=0.15,66,202.46083554420687
shift,2,Epsilon_Greedy,epsilon=0.15,67,202.46083554420687
shift,2,Epsilon_Greedy,epsilon=0.15,68,202.46083554420687
shift,2,Epsilon_Greedy,epsilon=0.15,69,202.46083554420687
shift,2,Epsilon_Greedy,epsilon=0.15,70,202.46083554420687
shift,2,Epsilon_Greedy,epsilon=0.15,71,202.46083554420687
shift,2,Epsilon_Greedy,epsilon=0.15,72,202.46083554420687
shift,2,Epsilon_Greedy,epsilon=0.15,73,202.46083554420687
shift,2,Epsilon_Greedy,epsilon=0.15,74,202.46083554420687
shift,2,Epsilon_Greedy,epsilon=0.15,75,202.46083554420687
shift,2,Epsilon_Greedy,epsilon=0.15,76,202.46083554420687
shift,2,Epsilon_Greedy,epsilon=0.15,77,202.46083554420687
shift,2,Epsilon_Greedy,epsilon=0.15,78,202.46083554420687
shift,2,Epsilon_Greedy,epsilon=0.15,79,202.46083554420687
shift,2,Epsilon_Greedy,epsilon=0.15,80,209.90727009567223
shift,2,Epsilon_Greedy,epsilon=0.15,81,216.57395530451512
shift,2,Epsilon_Greedy,epsilon=0.15,82,222.12947702004706
shift,2,Epsilon_Greedy,epsilon=0.15,83,226.6052763244544
shift,2,Epsilon_Greedy,epsilon=0.15,84,235.95320612293756
shift,2,Epsilon_Greedy,epsilon=0.15,85,243.10777382954595
shift,2,Epsilon_Greedy,epsilon=0.15,86,249.6111679581227
shift,2,Epsilon_Greedy,epsilon=0.15,87,253.6486081322995
shift,2,Epsilon_Greedy,epsilon=0.15,88,257.88395576362825
shift,2,Epsilon_Greedy,epsilon=0.15,89,263.35651606229135
shift,2,Epsilon_Greedy,epsilon=0.15,90,269.4101895259395
shift,2,Epsilon_Greedy,epsilon=0.15,91,277.01720975532237
shift,2,Epsilon_Greedy,epsilon=0.15,92,284.50249623742184
shift,2,Epsilon_Greedy,epsilon=0.15,93,287.883658514354
shift,2,Epsilon_Greedy,epsilon=0.15,94,287.9303575041838
shift,2,Epsilon_Greedy,epsilon=0.15,95,288.1193733281575
shift,2,Epsilon_Greedy,epsilon=0.15,96,288.1193733281575
shift,2,Epsilon_Greedy,epsilon=0.15,97,290.4868441254159
shift,2,Epsilon_Greedy,epsilon=0.15,98,294.278366849645
shift,2,Epsilon_Greedy,epsilon=0.15,99,297.9985471491404
shift,2,Epsilon_Greedy,epsilon=0.2,0,7.232585627761223
shift,2,Epsilon_Greedy,epsilon=0.2,1,13.359459083780196
shift,2,Epsilon_Greedy,epsilon=0.2,2,20.94397762177049
shift,2,Epsilon_Greedy,epsilon=0.2,3,27.71891259464223
shift,2,Epsilon_Greedy,epsilon=0.2,4,33.24818105759009
shift,2,Epsilon_Greedy,epsilon=0.2,5,33.34850290725623
shift,2,Epsilon_Greedy,epsilon=0.2,6,33.583900922485554
shift,2,Epsilon_Greedy,epsilon=0.2,7,33.707468745719744
shift,2,Epsilon_Greedy,epsilon=0.2,8,36.50259992792727
shift,2,Epsilon_Greedy,epsilon=0.2,9,36.56900251139855
shift,2,Epsilon_Greedy,epsilon=0.2,10,36.56900251139855
shift,2,Epsilon_Greedy,epsilon=0.2,11,36.56900251139855
shift,2,Epsilon_Greedy,epsilon=0.2,12,36.65455023866525
shift,2,Epsilon_Greedy,epsilon=0.2,13,36.65455023866525
shift,2,Epsilon_Greedy,epsilon=0.2,14,36.66780056568942
shift,2,Epsilon_Greedy,epsilon=0.2,15,36.66780056568942
shift,2,Epsilon_Greedy,epsilon=0.2,16,36.66780056568942
shift,2,Epsilon_Greedy,epsilon=0.2,17,36.760423725043566
shift,2,Epsilon_Greedy,epsilon=0.2,18,36.987595775561665
shift,2,Epsilon_Greedy,epsilon=0.2,19,37.083901110439044
shift,2,Epsilon_Greedy,epsilon=0.2,20,48.493785121780334
shift,2,Epsilon_Greedy,epsilon=0.2,21,60.19046496639404
shift,2,Epsilon_Greedy,epsilon=0.2,22,67.44951519550243
shift,2,Epsilon_Greedy,epsilon=0.2,23,75.16218631639117
shift,2,Epsilon_Greedy,epsilon=0.2,24,76.01718759124596
shift,2,Epsilon_Greedy,epsilon=0.2,25,92.09916223579529
shift,2,Epsilon_Greedy,epsilon=0.2,26,108.6400337866211
shift,2,Epsilon_Greedy,epsilon=0.2,27,119.43993755090412
shift,2,Epsilon_Greedy,epsilon=0.2,28,119.43993755090412
shift,2,Epsilon_Greedy,epsilon=0.2,29,122.53389730005506
shift,2,Epsilon_Greedy,epsilon=0.2,30,133.24773489903805
shift,2,Epsilon_Greedy,epsilon=0.2,31,135.7787047568919
shift,2,Epsilon_Greedy,epsilon=0.2,32,150.5427659767956
shift,2,Epsilon_Greedy,epsilon=0.2,33,164.23253486359954
shift,2,Epsilon_Greedy,epsilon=0.2,34,174.20957605238027
shift,2,Epsilon_Greedy,epsilon=0.2,35,174.20957605238027
shift,2,Epsilon_Greedy,epsilon=0.2,36,174.20957605238027
shift,2,Epsilon_Greedy,epsilon=0.2,37,174.20957605238027
shift,2,Epsilon_Greedy,epsilon=0.2,38,174.20957605238027
shift,2,Epsilon_Greedy,epsilon=0.2,39,174.20957605238027
shift,2,Epsilon_Greedy,epsilon=0.2,40,174.20957605238027
shift,2,Epsilon_Greedy,epsilon=0.2,41,174.20957605238027
shift,2,Epsilon_Greedy,epsilon=0.2,42,174.20957605238027
shift,2,Epsilon_Greedy,epsilon=0.2,43,176.01132121748816
shift,2,Epsilon_Greedy,epsilon=0.2,44,176.01132121748816
shift,2,Epsilon_Greedy,epsilon=0.2,45,184.98621051366635
shift,2,Epsilon_Greedy,epsilon=0.2,46,184.98621051366635
shift,2,Epsilon_Greedy,epsilon=0.2,47,184.98621051366635
shift,2,Epsilon_Greedy,epsilon=0.2,48,184.98621051366635
shift,2,Epsilon_Greedy,epsilon=0.2,49,184.98621051366635
shift,2,Epsilon_Greedy,epsilon=0.2,50,184.98621051366635
shift,2,Epsilon_Greedy,epsilon=0.2,51,184.98621051366635
shift,2,Epsilon_Greedy,epsilon=0.2,52,188.0099798235552
shift,2,Epsilon_Greedy,epsilon=0.2,53,190.1803184687838
shift,2,Epsilon_Greedy,epsilon=0.2,54,199.32599717792377
shift,2,Epsilon_Greedy,epsilon=0.2,55,201.67162403705504
shift,2,Epsilon_Greedy,epsilon=0.2,56,204.45929794223986
shift,2,Epsilon_Greedy,epsilon=0.2,57,204.45929794223986
shift,2,Epsilon_Greedy,epsilon=0.2,58,204.45929794223986
shift,2,Epsilon_Greedy,epsilon=0.2,59,211.6626966884504
shift,2,Epsilon_Greedy,epsilon=0.2,60,211.6626966884504
shift,2,Epsilon_Greedy,epsilon=0.2,61,222.4198864075746
shift,2,Epsilon_Greedy,epsilon=0.2,62,222.4198864075746
shift,2,Epsilon_Greedy,epsilon=0.2,63,222.4198864075746
shift,2,Epsilon_Greedy,epsilon=0.2,64,232.08989040303553
shift,2,Epsilon_Greedy,epsilon=0.2,65,241.40299809556524
shift,2,Epsilon_Greedy,epsilon=0.2,66,243.60563869285772
shift,2,Epsilon_Greedy,epsilon=0.2,67,243.60563869285772
shift,2,Epsilon_Greedy,epsilon=0.2,68,243.60563869285772
shift,2,Epsilon_Greedy,epsilon=0.2,69,243.60563869285772
shift,2,Epsilon_Greedy,epsilon=0.2,70,245.1643852979991
shift,2,Epsilon_Greedy,epsilon=0.2,71,245.1643852979991
shift,2,Epsilon_Greedy,epsilon=0.2,72,259.6423801510449
shift,2,Epsilon_Greedy,epsilon=0.2,73,267.3097072918498
shift,2,Epsilon_Greedy,epsilon=0.2,74,267.3097072918498
shift,2,Epsilon_Greedy,epsilon=0.2,75,267.3097072918498
shift,2,Epsilon_Greedy,epsilon=0.2,76,267.3097072918498
shift,2,Epsilon_Greedy,epsilon=0.2,77,267.3097072918498
shift,2,Epsilon_Greedy,epsilon=0.2,78,267.3097072918498
shift,2,Epsilon_Greedy,epsilon=0.2,79,285.2639574945741
shift,2,Epsilon_Greedy,epsilon=0.2,80,285.3160062355989
shift,2,Epsilon_Greedy,epsilon=0.2,81,291.9826914444418
shift,2,Epsilon_Greedy,epsilon=0.2,82,297.53821315997374
shift,2,Epsilon_Greedy,epsilon=0.2,83,302.0140124643811
shift,2,Epsilon_Greedy,epsilon=0.2,84,308.1742071907987
shift,2,Epsilon_Greedy,epsilon=0.2,85,315.3287748974071
shift,2,Epsilon_Greedy,epsilon=0.2,86,321.83216902598383
shift,2,Epsilon_Greedy,epsilon=0.2,87,325.86960920016065
shift,2,Epsilon_Greedy,epsilon=0.2,88,332.9488009024459
shift,2,Epsilon_Greedy,epsilon=0.2,89,338.421361201109
shift,2,Epsilon_Greedy,epsilon=0.2,90,344.4750346647571
shift,2,Epsilon_Greedy,epsilon=0.2,91,352.08205489414
shift,2,Epsilon_Greedy,epsilon=0.2,92,359.5673413762395
shift,2,Epsilon_Greedy,epsilon=0.2,93,365.4892122745214
shift,2,Epsilon_Greedy,epsilon=0.2,94,371.1762134499898
shift,2,Epsilon_Greedy,epsilon=0.2,95,377.00179344302654
shift,2,Epsilon_Greedy,epsilon=0.2,96,381.789662472786
shift,2,Epsilon_Greedy,epsilon=0.2,97,386.08054377563417
shift,2,Epsilon_Greedy,epsilon=0.2,98,386.25523672294355
shift,2,Epsilon_Greedy,epsilon=0.2,99,392.6826856049131
