config_id,epsilon,explore_traffic_ratio,expected_explore_batches,n_batches,final_regret_mean,final_regret_std,final_regret_cv,path_cumregret_std_mean,incremental_regret_var_mean,n_repeats,experiment
epsilon=0.05,0.05,0.05,30.0,600,80.00073744697876,7.816658406255058,0.0977073294035023,4.273423408215035,0.0096040732079383,3,mab_scale_d30_higheps
epsilon=0.1,0.1,0.1,60.0,600,69.80808034013835,3.061944660426803,0.0438623243256016,1.6494095051507294,0.0071242868566981,3,mab_scale_d30_higheps
epsilon=0.15,0.15,0.15,90.0,600,69.50712506482178,2.5936961693132816,0.0373155437934517,0.8091859856019133,0.0065549005383257,3,mab_scale_d30_higheps
epsilon=0.2,0.2,0.2,120.0,600,69.90281038349484,3.5033224728523438,0.0501170475640781,1.5271187465752831,0.0072000768469593,3,mab_scale_d30_higheps
epsilon=0.3,0.3,0.3,180.0,600,70.27021144270307,1.2613021625941867,0.0179493150326241,0.716129043847316,0.007695874661825,3,mab_scale_d30_higheps
epsilon=0.4,0.4,0.4,240.0,600,74.72460078190774,1.5602249852134216,0.0208796697324234,0.5141524295094075,0.0082656197799891,3,mab_scale_d30_higheps
epsilon=0.5,0.5,0.5,300.0,600,73.66510040324836,1.0433622802057378,0.0141635900106603,0.521075983856382,0.008909495491697,3,mab_scale_d30_higheps
epsilon=0.6,0.6,0.6,360.0,600,76.02631956321521,3.961318247928759,0.0521045641915489,1.5753506776001625,0.0092640060914762,3,mab_scale_d30_higheps
epsilon=0.7,0.7,0.7,420.0,600,77.67884520987785,1.8802499264485624,0.0242054309814773,1.1845981924089175,0.0101308362379192,3,mab_scale_d30_higheps
epsilon=0.05,0.05,0.05,30.0,600,79.86724446437873,11.17505964779594,0.1399204357523575,5.534018132997826,0.0125483133199164,5,mab_scale_d30_higheps_r5
epsilon=0.1,0.1,0.1,60.0,600,74.80847755997858,4.913524604348657,0.065681387519338,3.0003956907851754,0.0100818297057434,5,mab_scale_d30_higheps_r5
epsilon=0.15,0.15,0.15,90.0,600,71.66159141461205,2.75943167443032,0.0385064247103457,1.4605321544540557,0.0096804802106484,5,mab_scale_d30_higheps_r5
epsilon=0.2,0.2,0.2,120.0,600,69.86453450586667,3.1682709573352894,0.0453487735908301,1.7145083156605303,0.0094634945309768,5,mab_scale_d30_higheps_r5
epsilon=0.3,0.3,0.3,180.0,600,71.35608387890166,2.6148032292967858,0.036644432922277,1.3686217288031413,0.0095712752667789,5,mab_scale_d30_higheps_r5
epsilon=0.4,0.4,0.4,240.0,600,72.79475692674768,3.2884549986680374,0.0451743386131114,1.6995148151123436,0.0099498553881579,5,mab_scale_d30_higheps_r5
epsilon=0.5,0.5,0.5,300.0,600,73.44699002646061,2.821719611554553,0.0384184513284748,1.1745362705452018,0.0096721357561882,5,mab_scale_d30_higheps_r5
epsilon=0.6,0.6,0.6,360.0,600,76.9070123437372,0.6294738883595019,0.0081848698730625,0.763266973854624,0.0113938173293942,5,mab_scale_d30_higheps_r5
epsilon=0.7,0.7,0.7,420.0,600,78.27078324432122,2.532253624918817,0.0323524758531471,1.3627960481048196,0.011838264455019,5,mab_scale_d30_higheps_r5
epsilon=0.3,0.3,0.3,180.0,600,73.4622244873101,4.343730773775583,0.0591287672554201,1.899862844286452,0.0102528641423805,5,mab_scale_d30_dense_higheps
epsilon=0.35,0.35,0.35,210.0,600,73.02100275812145,1.8956044098861549,0.0259597148530711,0.8472226363277279,0.0096235648938886,5,mab_scale_d30_dense_higheps
epsilon=0.4,0.4,0.4,240.0,600,74.05218841357346,1.6983514285513404,0.0229345204366713,1.1271966894744223,0.0099782542348641,5,mab_scale_d30_dense_higheps
epsilon=0.45,0.45,0.45,270.0,600,74.20894404708125,1.8427564149106996,0.024831998872556,0.7557236724995464,0.0110583741415121,5,mab_scale_d30_dense_higheps
epsilon=0.5,0.5,0.5,300.0,600,75.29344883093782,2.4231893116838994,0.0321832689205786,1.0548321453457734,0.0104613898729991,5,mab_scale_d30_dense_higheps
epsilon=0.55,0.55,0.55,330.0,600,77.12895813712234,2.885970471305801,0.0374174699232294,1.1691202595858483,0.0111605162838541,5,mab_scale_d30_dense_higheps
epsilon=0.6,0.6,0.6,360.0,600,77.86268232558776,1.4562562951217402,0.0187028786014886,0.8740300520975328,0.0109480598253568,5,mab_scale_d30_dense_higheps
epsilon=0.65,0.65,0.65,390.0,600,76.49000898313503,1.3129797800020813,0.0171653762034669,1.0418646753901448,0.0116737402465373,5,mab_scale_d30_dense_higheps
epsilon=0.7,0.7,0.7,420.0,600,77.57082152762953,1.7175884900219924,0.0221421980094695,1.2082272327946617,0.0117946646864685,5,mab_scale_d30_dense_higheps
epsilon=0.05,0.05,0.05,32.0,640,46.93230395084274,2.6563305054512374,0.0565991924929468,1.5497828340619757,0.0029545810443837,3,mab_scale_d30_n40k_higheps
epsilon=0.1,0.1,0.1,64.0,640,50.81384145892536,5.504680274794638,0.1083303312000976,3.3960047649959746,0.003922659974379,3,mab_scale_d30_n40k_higheps
epsilon=0.2,0.2,0.2,128.0,640,47.24706859357318,1.8900558671644556,0.0400036642150863,1.0077159874086514,0.0034498935275664,3,mab_scale_d30_n40k_higheps
epsilon=0.3,0.3,0.3,192.0,640,49.21758795933951,0.9265807948222328,0.0188262130112454,0.5926775317317792,0.003475021298602,3,mab_scale_d30_n40k_higheps
epsilon=0.4,0.4,0.4,256.0,640,50.15036062115025,1.125421077991615,0.0224409368956159,0.5613932284199044,0.0040583179139454,3,mab_scale_d30_n40k_higheps
epsilon=0.5,0.5,0.5,320.0,640,49.44085412883499,0.8016131115230899,0.0162135773268441,0.4048781611726239,0.0035440911354243,3,mab_scale_d30_n40k_higheps
epsilon=0.6,0.6,0.6,384.0,640,53.00349883891806,0.588540853041068,0.0111038113696926,0.4813965938177699,0.0040622725652961,3,mab_scale_d30_n40k_higheps
epsilon=0.7,0.7,0.7,448.0,640,53.5927649045283,1.367918101661882,0.0255243054561325,0.915205355423374,0.0043637586184057,3,mab_scale_d30_n40k_higheps
